Year,Province,Eva_I,Eva_II,Eva_III,Eva_IV,Eva_V,Eva_VI,Eva_VII,Eva_VIII,Eva_IX,Eva_X,Eva_XI,Eva_XII,Prcp_I,Prcp_II,Prcp_III,Prcp_IV,Prcp_V,Prcp_VI,Prcp_VII,Prcp_VIII,Prcp_IX,Prcp_X,Prcp_XI,Prcp_XII,Prcp_max_I,Prcp_max_II,Prcp_max_III,Prcp_max_IV,Prcp_max_V,Prcp_max_VI,Prcp_max_VII,Prcp_max_VIII,Prcp_max_IX,Prcp_max_X,Prcp_max_XI,Prcp_max_XII,Rdays_I,Rdays_II,Rdays_III,Rdays_IV,Rdays_V,Rdays_VI,Rdays_VII,Rdays_VIII,Rdays_IX,Rdays_X,Rdays_XI,Rdays_XII,Tavg_I,Tavg_II,Tavg_III,Tavg_IV,Tavg_V,Tavg_VI,Tavg_VII,Tavg_VIII,Tavg_IX,Tavg_X,Tavg_XI,Tavg_XII,Tmax_avg_I,Tmax_avg_II,Tmax_avg_III,Tmax_avg_IV,Tmax_avg_V,Tmax_avg_VI,Tmax_avg_VII,Tmax_avg_VIII,Tmax_avg_IX,Tmax_avg_X,Tmax_avg_XI,Tmax_avg_XII,Tmin_avg_I,Tmin_avg_II,Tmin_avg_III,Tmin_avg_IV,Tmin_avg_V,Tmin_avg_VI,Tmin_avg_VII,Tmin_avg_VIII,Tmin_avg_IX,Tmin_avg_X,Tmin_avg_XI,Tmin_avg_XII,Tmax_I,Tmax_II,Tmax_III,Tmax_IV,Tmax_V,Tmax_VI,Tmax_VII,Tmax_VIII,Tmax_IX,Tmax_X,Tmax_XI,Tmax_XII,Tmin_I,Tmin_II,Tmin_III,Tmin_IV,Tmin_V,Tmin_VI,Tmin_VII,Tmin_VIII,Tmin_IX,Tmin_X,Tmin_XI,Tmin_XII,Havg_I,Havg_II,Havg_III,Havg_IV,Havg_V,Havg_VI,Havg_VII,Havg_VIII,Havg_IX,Havg_X,Havg_XI,Havg_XII,Hmin_I,Hmin_II,Hmin_III,Hmin_IV,Hmin_V,Hmin_VI,Hmin_VII,Hmin_VIII,Hmin_IX,Hmin_X,Hmin_XI,Hmin_XII,Shours_I,Shours_II,Shours_III,Shours_IV,Shours_V,Shours_VI,Shours_VII,Shours_VIII,Shours_IX,Shours_X,Shours_XI,Shours_XII
2000,Ha_Noi,59.65,39.075,35.275,55.2,76.05,80.8,88.35,67.7,76.025,64.2,91.475,84.85,2.8,27.55,24.525,127.65,216.375,193.875,315.2,158.1,91.425,237.7,4.875,3.7,3.6,14.4,10.1,84.8,94.7,69.3,97,49.6,40.8,74.1,10.6,5.2,9,15,18,16,17,18,16,14,15,15,3,4,18.15,15.95,20.075,24.825,26.825,28.075,29.075,28.55,26.875,24.95,21.175,19.95,21.45,18.925,23.125,28.725,31.2,32.3,33.325,33.025,31.325,29.1,26.05,24.4,16.275,14.125,17.175,22.45,23.9,25,26.2,25.875,24.3,22.5,17.675,17.125,29,26.9,31,34.9,38,35.9,37.4,36.4,35.4,34.4,30.1,28.8,9.1,6.2,9.2,18.5,18.3,22,23.7,23.4,19.1,17.6,10,9.9,82.25,85.75,88.5,87.25,85,83.25,83.5,86.5,84.25,86,76.75,77,45,48,46,50,43,52,52,54,32,35,32,36,59.275,26.925,43.9,79.15,128.425,131.425,207.5,163.3,142.725,140.825,170.85,108.525
2001,Ha_Noi,59.85,46.825,50,46.3,76.4,72.175,72.025,62.85,70.425,66.2,80.425,56.425,18.675,37.25,126.2,72.55,321.675,369.3,481.825,418.1,103.075,222.25,40.1,27.3,13.8,29.7,47.9,41.7,118.8,113.3,143.9,169.8,58.3,100.3,24.7,15.7,13,16,18,18,23,17,18,18,12,15,6,11,18.25,17.275,21.05,23.875,26.625,28.6,28.825,28.25,27.8,25.6,20.5,17.425,21.875,20.2,24.375,28,31.1,33.05,32.95,32.525,32.325,29.825,26.275,21.15,15.875,15.075,19,21.675,24.05,25.65,25.925,25.65,24.875,23.05,16.5,14.575,32.4,26.7,30.5,37.3,37.1,37,37.8,36.7,35.6,34.9,32.3,29.4,10.3,9.1,13,13.8,21.2,21.6,22.4,23.4,20.4,20,9,4.4,83.25,84.75,88.25,89.5,84.5,85,86,87.25,84.25,85,78.75,83,35,41,43,52,44,55,53,54,46,49,39,34,58.75,32.85,44.125,65.425,132.075,154.175,163.725,161.25,162.725,105.05,187.8,82.575
2002,Ha_Noi,61.225,46.4,62.325,75.375,74.9,74.675,78.275,66.675,76.325,70.15,54.825,43.55,16.425,15.9,11.6,28.8,267.025,209.525,199.725,168.45,177.25,147.475,55.9,57.5,17.5,7,5,49,47,70,93,104,55.9,61.8,14,51.9,9,12,13,10,21,24,23,17,14,13,12,17,17.25,19.75,22.16666667,25.45,27.1,29.075,29.075,27.925,27.1,24.625,20.75,18.675,21.05,22.25,25.375,29.55,31.3,33.225,33.175,32.325,31.95,29.3,24.625,21.925,14.6,17.475,20,22.8,24.4,26.175,26.475,25.35,24.325,21.725,18.2,16.65,27.8,27.5,30.3,34,38.8,36,37.7,36.1,35.5,34.5,33.7,31.2,7.9,11.3,11,16,20.8,23.9,24,21,21.6,16.1,12.9,7.6,82.25,87.25,85,85.75,85,84.75,83.25,85,82.25,83.25,82.5,84.5,38,54,43,42,50,56,55,47,45,42,34,43,75.5,40.4,36.1,117.875,136.775,129.35,110.2,153.275,148.775,147.075,100.125,54.6
2003,Ha_Noi,56.83333333,62.33333333,81.9,75.3,89.93333333,109.0333333,93.73333333,63.5,63.5,98.3,94.6,81.76666667,40.475,55.2,11.725,76.125,309.375,215.275,282.725,301.35,253.475,32.575,1.625,5.375,19,29.8,5,77.6,135,87,203,123,84.5,27,3,4,9,10,12,15,17,15,14,21,17,6,3,4,16.4,20.65,21.6,25.825,28.4,29.575,29.225,28.6,27.1,25.75,23.1,17.725,20.75,24.475,25.525,30.1,33.075,34,33.55,32.75,31.4,30.65,27.925,22.35,13.425,18.3,19.275,22.975,25.275,26.45,26.2,26.025,24.55,22.8,19.975,14.725,29,30,38,36.2,40.4,38.7,36.7,36.7,35,35.6,32,28.7,6.9,11.4,13.2,18.7,18.9,23.1,23.4,23.2,21.8,18.2,11.5,7,82.5,86.5,81.5,84.75,85.5,79.25,84.5,87,86.5,79,77.5,76.5,35,38,25,37,36,46,52,51,43,40,39,29,87.5,81.7,75.75,110.975,174,167.925,221.375,126.55,147.45,161.7,128.85,97.025
2004,Ha_Noi,53.2,46.675,56.025,44.55,65.75,97.05,80.05,69.05,64.825,106.15,79.3,74.325,18.65,24.225,33.45,127.8,255.475,222.8,279.25,241.025,149.15,35.025,19.2,27.65,5,12,17,75,84.7,90,95,85,70,14,18,25,15,13,17,20,19,13,17,17,10,3,7,6,17,17.83333333,20.46666667,23.83333333,26.06666667,29.1,28.3,28.7,27.7,25,22.56666667,18.63333333,20.075,21.475,23.575,27.8,30.575,33.575,32.4,33.15,32.1,30.125,27.275,23.9,14.7,15.25,18.275,21.35,23.275,25.975,26.3,26,25,21.95,19.55,15.1,27.5,28.5,33,32,37.5,39,39.6,37.7,34.7,33.7,33.2,28.7,7.5,6.4,11.9,15.3,18.5,20.4,22.8,23.2,21.5,18.5,12.4,8.4,83.25,86.25,84.5,88.75,88.25,80.25,84.25,86.5,85.25,75.25,80.25,78.5,31,40,36,56,53,46,51,56,51,36,35,33,32,50.9,43.6,70.6,131.125,179.85,112.025,170.525,140.6,138.05,128.85,159.925
2005,Ha_Noi,48.2,38.7,51.175,59.25,85.425,100.5,92.975,62.075,75.525,84.175,62.25,77.425,12.425,32.375,31.85,40.95,110.325,180.125,286.875,476.275,347.6,35.55,95.875,33.775,6,21,9,46.8,102,70,86,149,144,35,74,25.2,10,18,24,15,19,16,16,24,15,10,8,9,15.975,17.625,19.1,23.875,28.575,29.8,29.025,28.25,27.925,25.525,22.125,16.85,18.95,20.65,21.75,27.6,33.6,34.55,33.5,32.425,32.525,29.85,26.25,20.75,14.2,15.85,17.05,21.675,25.575,26.925,26.275,25.725,25.325,22.975,19.675,14.475,27.9,28,28.8,36.6,37.8,39.6,36.6,35.6,35.9,34.7,32.2,29,5.2,9.8,9.6,16,22.2,23,23.9,23.2,23.3,17.3,11.7,6.1,83.75,87.25,85.75,86.75,83.75,80.75,83.5,87.25,84.75,81,84.25,76.25,38,48,37,51,47,42,48,58,48,38,40,29,34.925,21.475,32.525,78.525,187.05,128.55,195.1,144.25,165.1,120.975,118.725,72.925
2006,Ha_Noi,68.8,38.65,47.525,74.2,91.225,104.575,84.95,59.25,92.9,84.975,87.625,73.475,2.575,21.225,38.8,22.925,175.575,180.75,247.275,438.525,114.975,42.875,71.3,3.975,16,7,36,11.6,45.1,67.1,123,187.8,76,63,86,6,5,17,20,10,20,17,18,21,8,12,6,5,17.975,18.175,20.15,24.975,26.575,29.475,29.35,27.575,27.4,26.625,23.75,17.525,21.425,21,23.25,29.225,31.625,34.15,33.6,31.375,32.125,31.175,28.775,21.825,15.775,16.575,18.325,22.4,23.5,26.55,26.675,25.425,24.625,24.1,20.95,14.7,28.9,28.3,28,39,35,38.5,37.8,36,36,33.4,32.3,29.5,9.6,12.1,10.9,15.1,18.5,22.9,24,23.6,20.2,20.5,15.1,7.7,79.25,88.75,86.75,84.5,83,79.5,83.5,87.25,78.5,82,80.75,80.25,42,60,35,44,33,42,50,52,34,49,31,31,69.33333333,30.33333333,26,99.66666667,159.6666667,173,152,97,170,120.3333333,150.3333333,97
2007,Ha_Noi,82.075,63.1,40.2,65.3,94.375,98.8,94.4,76.975,72.75,77.375,96.35,64.23333333,6.3,34.4,34,124.5,113.4,207.9,173,234.75,264.725,167.025,11.125,12.9,4,30,15,82,45.2,62,81,95,116,98,7,15,8,7,17,13,14,16,14,18,16,11,3,9,16.425,21.675,21.025,23.025,26.65,29.55,29.75,28.75,26.775,25.1,20.525,19.9,20.075,25.6,23.975,27.25,31.3,34.475,34.275,33.3,31.1,29.3,25.975,23.275,14.05,19.35,19.3,20.7,23.7,26.35,26.975,25.9,24.2,22.675,17.1,18.025,27.5,29.9,30,34.2,38.9,39.3,37.4,37.8,34.8,33.7,29.3,29.2,6.2,8.6,11.5,13.8,17.3,23,23.5,22.4,20.2,17.2,6.7,11.1,74.33333333,81,71.66666667,80.66666667,84.33333333,90,82,79.33333333,80.33333333,81.33333333,84,83.33333333,24,29,51,46,39,44,52,54,33,33,27,45,61.66666667,66,28,82,144,216.3333333,207.3333333,161.6666667,131.6666667,104.3333333,182.3333333,53
2008,Ha_Noi,52.675,54.325,63.25,56.975,82.5,68.875,76.7,66.1,64.7,65.825,62.875,65.175,33.5,23.35,20.875,62.225,224.525,281.575,363.2,283.7,228.9,498.3,250.025,12.65,14,10,10,93,103,137,140,92.2,61,514,186,10,13,11,14,15,17,22,22,16,18,17,9,6,14.75,13.525,21.1,24.4,27,28.175,28.8,28.6,27.675,25.925,20.85,17.675,18.375,16.125,24.95,27.9,31.675,32.7,33.25,32.575,31.95,29.9,25.15,22.075,12.775,11.8,18.625,22.175,24.225,25.525,26.025,26.075,25.175,23.625,18.2,14.875,29.7,26.2,29.5,33.7,38.7,37.5,37.4,37.1,36.5,33.7,29.7,26.6,5.8,6.5,9.3,16.6,20,22.9,23.2,23.6,22.6,21.1,9.9,9.2,82.75,76.5,83.75,86.75,82.5,84.75,83,85.5,85,84.25,80.75,78.5,24,35,24,52,44,51,48,53,51,41,28,43,63.225,27,66.175,67.45,146.475,118.875,147.15,139.625,129.1,95.375,150,106.65
2009,Ha_Noi,67.825,48.9,49.15,58.275,68.225,94.6,66.725,77.925,76.35,73.4,94.7,73.35,12.925,6.825,51.35,80.7,216.45,193.55,434.475,244.625,183.35,72.7,3.625,2.925,7.3,4,36,25,81,54,119.7,100,70,41,3,2.4,6,10,20,15,19,16,20,14,18,10,2,5,15.475,22.125,20.625,24.325,26.65,29.475,29.075,29.25,28.275,25.975,21.125,19.45,19.825,25.825,23.95,28.1,30.7,34.3,33.15,33.875,32.75,30.2,25.775,23.275,12.625,19.775,18.625,22.025,24.25,26.425,26.275,26.425,25.575,23.475,18.3,16.975,25.9,32.2,31.7,35.6,34.7,39,37.6,37.7,37.1,34.9,34.6,30.5,4.5,14.9,10.6,16.1,21,21.3,23.5,22.8,22.5,19.5,9.6,11.5,77,86.75,85.5,85.5,84.5,79.5,83.75,83,82,82,72.75,78,21,49,31,44,46,39,49,50,46,35,34,42,98.375,73.2,45.125,95.825,137.225,163.85,148.875,193.15,141.3,130.425,132.325,72.375
2010,Ha_Noi,47.75,62.6,70.35,51.725,77.125,108.475,104.425,62.825,71.825,90.95,76.125,58.7,68.5,7.825,6.6,70.625,113.175,181.9,265.075,376.75,208.45,66.95,1.475,19.05,31.7,5,6,27,42,57,122,87.3,68,51,2,18.2,13,7,10,23,12,13,21,22,14,12,5,11,17.975,20.65,21.75,23.25,28.275,30.325,30.075,27.975,28.075,24.95,21.2,18.85,20.825,24.875,25.475,26.95,32.675,35.125,34.65,32.05,32.825,29,25.725,22.75,15.8,18.15,19.6,20.925,25.525,27.025,26.925,25.55,25.3,22.35,18.25,16.175,28,34.8,32.8,33.5,39.4,40.8,40.1,35.3,36.7,33.6,29.9,28,9.6,9.6,11.6,15.2,22,23,23.7,23,21.4,12.8,12.6,8.7,83.5,82.5,80.25,86.25,83.75,78.5,80,86.75,84.25,77.5,77.75,82.25,42,42,33,51,45,40,36,57,46,31,36,38,32.45,94.4,50.275,51.35,119.975,150.85,190.9,124.1,152.6,119.25,102.825,74.7
2011,Ha_Noi,58.66666667,43.66666667,49.66666667,62.66666667,80.66666667,70,89.33333333,71,66.33333333,68.66666667,67.33333333,81,15.7,20.475,107.4,60.35,199.925,392.75,216.3,325.125,257.875,170.3,25.575,52.5,7.4,6.9,39.4,57,109.3,90.4,101,91,65,43.3,21,63.8,17,15,19,9,16,22,16,17,17,15,7,4,12.475,17.475,16.9,23.45,26.525,28.9,29.475,28.425,27.2,24.175,23.15,16.85,14.65,20.8,19.4,26.975,31.15,33.425,33.75,32.525,30.975,27.6,27.575,20.675,10.85,15.525,14.95,20.775,23.575,26,26.475,25.6,24.8,21.975,20.4,14.175,22.1,27.7,25.5,31.6,37,36.6,39,37.5,36.6,33.4,31,25,7.2,10,8.7,13.7,19.3,23.7,24,22.6,20.8,19,14.8,6.7,75.66666667,84.66666667,83,83,80,83.33333333,80,83.33333333,83,81.66666667,80.66666667,72.33333333,36,52,45,42,44,50,50,50,40,40,46,30,2.333333333,36.66666667,12.33333333,57.33333333,141.6666667,130,161.6666667,162.3333333,106,79,107.6666667,87.66666667
2012,Ha_Noi,32.66666667,38,50.33333333,76.33333333,81,92.66666667,83,79.33333333,80.66666667,87,67.66666667,57.33333333,31.675,20,29.575,48.4,405.975,198.75,346.675,402.725,147.4,115.125,53.525,17.8,20.7,4.8,35.2,33.7,125.4,73,87,127,45.1,52,37.2,12,21,19,15,8,17,17,20,17,18,9,11,13,14.475,16.025,20.125,25.825,28.4,29.7,29.05,28.8,27.225,26.15,22.925,18.4,16.675,18.8,22.925,30.05,32.825,34.225,33.3,33.5,31.325,30.4,26.625,21.4,13.05,14.2,18.25,22.975,25.5,26.65,26.3,25.825,24.725,23.55,20.6,16.575,25.4,27.2,29.5,38.3,39.6,39,37.7,38,34.5,33.5,33.5,29.8,7.6,9.5,12.4,17.3,22.5,23.6,23.8,23.5,18.6,20,15,10.5,86.33333333,85,84.66666667,82.33333333,83.33333333,78.33333333,82,82,80.66666667,79,81.66666667,81.33333333,53,51,36,47,33,42,43,51,37,35,36,34,3.666666667,17.33333333,24.33333333,101.3333333,161.6666667,112.3333333,152.3333333,175.6666667,117,113.3333333,98.66666667,40.66666667
2013,Ha_Noi,40,43.66666667,73.66666667,64,86.33333333,96,64.66666667,74,54.33333333,93.66666667,70.66666667,66.66666667,19.475,26.725,45.925,38.675,225.025,260.4,362.55,465.35,409.275,107.05,43.725,31.725,11,11,39,18.9,72,120.6,134.8,176,119.5,92.9,63,17,17,13,9,15,18,14,25,17,20,11,10,6,15.2,19.6,23.775,24.7,28.275,29.275,28.325,28.55,26.475,24.875,22.275,15.35,17.4,22.975,27.5,28.55,33.25,33.975,32.175,33,30.1,29.225,25.575,20.25,13.775,17.65,21.525,22.25,25.075,26.175,25.9,25.9,24.35,22.15,20.225,12.1,24.6,29.2,31.5,34.5,40.3,38.5,35.9,36.6,35,33.5,31.5,26.8,8.7,10.2,13.3,16.1,20,20.8,23.5,23.3,21,15.6,15,5.1,84.33333333,87.33333333,82.33333333,83.33333333,81,77.66666667,86,83.66666667,85.66666667,76.33333333,76.66666667,74,46,52,41,48,40,38,57,51,36,29,36,34,10.66666667,42.66666667,75.33333333,77.66666667,165.6666667,169.3333333,129.3333333,153,97,142.6666667,65,154.6666667
2014,Ha_Noi,67.66666667,43.66666667,27,38.66666667,94.66666667,83,74,67.66666667,74.33333333,88.33333333,61.33333333,79,2.925,17.175,86.525,202.225,98.7,182.475,263.8,378.475,242.8,144.425,43.525,15.9,3,8.1,33.7,202,58,57,81,180,122,90,34,15,3,15,23,25,14,18,23,18,15,7,9,10,16.875,17.05,19.775,25.05,28.675,29.625,29.1,28.5,28.525,26.2,22.5,16.875,21.625,19.875,22.325,27.75,33.825,34.1,33.4,32.6,32.775,30.55,26.05,20.6,13.7,15.175,18.125,23.25,25.45,26.725,26.35,25.925,25.825,23.275,20.25,14.3,26.2,29,30.5,33.7,40.3,38.4,37.7,38,35.9,35.2,32.8,27.2,4.4,8.3,13,19,18.7,23.6,23.6,23.5,22.5,18.8,13.9,7,76,82.33333333,90,90,80.33333333,81,83,83.66666667,80.66666667,77.33333333,81.66666667,71.66666667,24,38,68,63,37,45,54,50,41,41,49,26,114.6666667,35.66666667,13,18.33333333,191.6666667,131.6666667,151.6666667,119,152,143.3333333,88,87
2015,Ha_Noi,55,38.33333333,32.33333333,69.66666667,92.33333333,114.3333333,99.66666667,85.66666667,56,79,52.66666667,50.33333333,34,18.66666667,62,27,108.6666667,278.6666667,120.3333333,282.6666667,290,89,159.3333333,43.66666667,20,9,21,22,60,109,48,99,119,40,84,15,8,9,21,12,12,20,16,14,15,7,16,13,17.76666667,19.1,21.56666667,25.03333333,30.13333333,30.5,29.93333333,29.66666667,28.23333333,26.7,24.33333333,18.66666667,21.7,21.76666667,24.03333333,29.46666667,35.4,35.5,34.13333333,34.03333333,32.16666667,31.16666667,27.93333333,21.6,15.03333333,17.3,19.56666667,22.2,26.76666667,26.96666667,26.86666667,26.93333333,25.83333333,23.73333333,22.2,16.66666667,26.5,29.6,31.2,37.2,40.5,40,40.8,38.7,36.7,35,35.5,30.2,9,10.7,14.7,16.2,22.5,23.9,23.1,23.3,22.8,18.6,14.9,12.5,80.66666667,85,90.66666667,80.33333333,79,77,75.66666667,79.33333333,84.66666667,76,82.33333333,79,33,40,57,34,37,39,36,41,53,44,39,40,107,51.66666667,36.33333333,124,223.3333333,200,139.3333333,184.3333333,119,159.6666667,93.33333333,48
2016,Ha_Noi,37.66666667,76,50.33333333,57,86.33333333,124.3333333,85.66666667,69.66666667,82,100,76.66666667,89.66666667,99.33333333,7.666666667,28.33333333,116.3333333,278.6666667,85.33333333,287.6666667,596.6666667,153,44.66666667,18.66666667,7.333333333,39,8,26,27,338,40,160,172,67,19,17,5,17,5,16,19,12,12,18,21,12,9,6,3,17.03333333,16.6,20.1,25.4,28.43333333,31.1,30.16666667,29.2,28.9,27.63333333,22.83333333,20.83333333,19.83333333,20.66666667,22.8,28.6,32.6,35.96666667,34.46666667,33.63333333,32.96666667,31.83333333,26.86666667,25.4,15.36666667,13.86666667,18.26666667,23.23333333,25.76666667,27.8,27.03333333,26.36666667,26.26666667,24.86666667,20.3,17.96666667,29.7,33.3,26.9,34.1,36.9,40.4,39.2,37.5,36.3,36.6,32.2,30,5.1,8.4,11.5,19.5,22,24.6,23.2,23.4,23.5,19.5,13.4,12.2,84.33333333,73,84.66666667,85.33333333,80,73.66666667,79,81,78.66666667,74.66666667,76.66666667,70.66666667,43,27,36,51,32,34,44,48,38,38,39,32,48.33333333,95.66666667,22.33333333,68,144.3333333,219.6666667,172.3333333,149,130.3333333,157,116.6666667,136.3333333
2017,Ha_Noi,54,76.66666667,53.66666667,74.33333333,96,109,76.66666667,76,67,75.33333333,87,70.66666667,95.66666667,7.666666667,80,40.66666667,90.66666667,251.3333333,425.3333333,346.6666667,284.6666667,241.6666667,10,50.66666667,68,11,37,17,42,97,163,90,267,77,5,26,7,4,21,14,16,18,23,20,17,18,7,9,19.4,19.8,21.73333333,24.8,27.7,30.23333333,29,29.06666667,28.93333333,25.6,22.36666667,17.63333333,22.5,23.26666667,24.96666667,28.93333333,31.96666667,34.73333333,32.73333333,33.06666667,32.9,29.16666667,26.06666667,20.83333333,17.3,17.6,20,22.4,24.83333333,27.2,26.56666667,26.53333333,26.4,23.33333333,19.93333333,15.53333333,27.9,29.4,30.5,35.7,35.5,42.5,38.9,37.6,36.7,34,33.6,26,11.9,12.5,14.5,17.6,20.8,23.5,24.7,23.6,24.1,18,13.6,8.6,80.66666667,74.33333333,85.66666667,81.33333333,79,77.66666667,83,82.66666667,84,80.33333333,75,74.33333333,43,37,47,44,35,33,49,47,50,37,29,20,50.66666667,74,52,88,156.6666667,131.3333333,120,122,121.3333333,93.66666667,81.33333333,74.33333333
2018,Ha_Noi,49,58,70.33333333,69,102.6666667,107,99,69.66666667,85,86.33333333,71.33333333,56.33333333,14.66666667,7,38.33333333,107.6666667,220,161.6666667,512.6666667,366,195.6666667,115,39.33333333,94.33333333,6,4,23,78,109,46,184,191,80,45,24,34,13,11,9,11,17,17,22,22,12,11,8,13,17.93333333,17.33333333,22.56666667,24.13333333,29,30.16666667,29.7,28.73333333,28.56666667,25.6,23.7,19.36666667,20.56666667,20,26.2,27.8,33.83333333,34.63333333,33.76666667,33.06666667,32.5,29.96666667,28,23.26666667,16.1,15.53333333,20.06666667,21.83333333,25.63333333,27.06666667,27.13333333,26.46666667,25.83333333,23.06666667,21.1,17.23333333,28.2,26.2,30.7,32.5,39.4,38.5,40.2,37.2,37.5,34.1,31.8,30.7,8.6,9.7,13.5,14.6,23.3,23.8,24.4,24.6,23,19.4,15.7,8.3,81.33333333,73.66666667,80.33333333,81,79,75.66666667,78,84,78.33333333,76.33333333,78.33333333,81.33333333,34,26,33,29,39,39,36,47,44,34,20,38,30.66666667,30.66666667,96.33333333,66.33333333,221.3333333,158,147,128.3333333,145.3333333,149.3333333,127.6666667,98
2019,Ha_Noi,43.66666667,52.33333333,56.33333333,64,73.33333333,102.6666667,103.3333333,76,104,81.66666667,73,79.66666667,16.66666667,27.66666667,14.66666667,146,86.66666667,147.3333333,151.3333333,491.6666667,124,95.33333333,47,5,7,21,8,119,40,60,90,161,71,48,22,2,9,12,12,16,19,12,14,20,11,15,8,8,17.7,22.16666667,22.26666667,27.06666667,27.73333333,31.03333333,30.76666667,29.5,28.43333333,26.13333333,22.86666667,18.9,20.6,26,25.66666667,31,31.43333333,35.86666667,35.26666667,34,33.63333333,30.6,27,23.33333333,15.76666667,19.93333333,20.23333333,24.66666667,25.3,27.96666667,27.86666667,26.76666667,25.6,23.4,20.16666667,16.2,28.3,32.7,31.8,38,41.3,40.4,39,39.7,37.1,35.1,30.9,29,10.2,14,15.6,19.2,20.5,22.5,24,24.2,22.2,17.6,16.3,9.1,82.33333333,82.66666667,83.33333333,84.66666667,81.66666667,75.66666667,75.66666667,80.66666667,73.66666667,78.33333333,76.66666667,75,47,51,48,36,40,40,43,45,31,30,35,23,28,85.33333333,45.33333333,105,101.6666667,163,160.3333333,150.3333333,200,138.6666667,134.3333333,133.3333333
2020,Ha_Noi,35.33333333,45,45.66666667,48,83.66666667,117,105.3333333,49,71,71.33333333,67.33333333,73.33333333,113,21.33333333,160.3333333,102.6666667,146,128.3333333,83,459.6666667,216.3333333,221.6666667,44,2.333333333,92,7,120,51,53,58,48,104,116,79,33,3,16,12,19,16,13,11,9,28,20,14,4,3,19.33333333,19.33333333,23,22,29.66666667,31.66666667,31.33333333,29,28.66666667,24.33333333,23,18.33333333,22.36666667,22.6,26.13333333,25.56666667,33.93333333,36.86666667,35.76666667,33.06666667,33.1,28,27.03333333,21.7,17.13333333,17.36666667,21.06666667,19.73333333,26.2,28,27.96666667,26.46666667,26.2,22.26666667,20.33333333,15.83333333,28.5,29.2,34.9,32,40.9,40.2,38.9,37.8,37,33.3,30.6,29,11,13.6,15.3,14.2,22.2,24.3,25.2,24,23,17.5,16,10.5,81,82.66666667,84.33333333,83.33333333,78,71.66666667,73.66666667,84.33333333,83,77,78.66666667,70.66666667,27,30,45,40,39,37,33,47,40,25,25,28,50,55,47.33333333,61,184.3333333,233.3333333,208.6666667,135.3333333,124.3333333,100.6666667,119.3333333,74.66666667
2000,Hai_Duong,86.75,54.65,49.05,63.65,87.85,110.75,95.7,68.55,83.9,78.8,127.6,109.2,1.2,29.7,39.6,60.1,155.85,241.8,310.15,255.95,143.85,235.65,1.35,0.95,0.8,19.2,19,44.9,58.7,83.9,90,63.7,60.4,80.6,1.5,0.7,4,16,17,13,15,19,14,19,14,13,3,3,18.05,16.1,20,24.75,26.95,28.05,29.1,28.6,26.75,24.7,21,19.75,21,18.95,22.95,28.25,30.8,31.65,33,32.4,30.75,28.7,25.75,24.25,16.1,14.15,18.05,22.7,24.5,25.3,26.2,25.9,24.15,22.35,17.4,16.8,26.7,25.4,30.3,33.8,35.6,34.8,35.9,35.6,34,34.2,29.7,28.6,9.1,7.6,9.1,18.5,18.7,21.4,23,23.4,20.1,16.7,10.8,10.5,80.5,84.5,89.5,88,84.5,84.5,83,86.5,83,85,74,75.5,40,46,48,50,49,52,53,55,27,39,26,45,54.15,54.15,41.45,100.35,165.65,147.8,213.65,165.7,155.4,157.55,180.65,122.65
2001,Hai_Duong,72.6,60.1,56.35,52.95,84.85,74.25,87.1,69.65,79.15,81,105.55,77.05,11.65,13.65,181.25,77.9,182.4,288.25,287.85,363.4,137.2,172.6,77.95,49.3,6.3,11.2,120.4,58,68.5,48,65.4,139.7,45.9,64.2,89.9,26.9,15,14,18,17,17,18,18,17,12,16,7,11,17.95,17.05,20.8,23.75,26.65,28.4,28.75,28.3,27.55,25.65,20.55,17,21.2,19.8,23.5,26.8,30.6,32.1,32.15,31.95,31.55,29.6,25.85,20.6,15.9,15.05,18.95,21.75,24,25.6,26.2,25.9,24.95,23.15,16.75,14.65,27.4,25.9,30.1,33.7,36.1,35.6,36.1,35.6,34.5,36.4,31.5,27.8,10.3,10.9,12.9,14.8,21,22.4,23.5,23.5,22,19.5,10.8,6.8,83,83.5,89,90.5,84.5,86.5,86.5,87,84.5,84.5,77,81.5,35,35,29,52,40,59,58,52,44,48,31,32,46.4,29.5,50.55,67.25,148.65,159,161.7,168.15,181.8,125.75,194.55,86.7
2002,Hai_Duong,78.75,49.4,68.65,75.4,73.4,88.1,81.4,78.55,101.7,98.35,83.25,60.25,12.85,8,7.95,77.15,257.55,179.4,243.65,317.85,109.8,186.15,67.85,41.45,7.6,4,3,42,72.3,63.6,84.7,83,42,144,19,22,6,13,14,11,18,18,17,16,12,9,12,7,16.85,18.8,21.75,24.95,26.95,28.95,28.9,27.9,27,24.95,20.55,18.35,21.1,21.45,24.6,28.35,30.9,32.65,32.55,31.8,31.35,29.4,24.35,21.75,14.6,17.15,19.95,22.8,24.4,26.2,26.25,25.4,24.15,21.15,18,16.4,26.1,27.1,29,33,36.1,35.2,35.8,34.6,34.3,33,31.5,29.9,10.4,11.1,14.4,14.2,21.1,23.5,23.5,22.5,20.4,17,12.7,6.2,85,92,90,92,90,86,86,89,85,83,86,90,54,63,47,56,59,62,63,62,58,27,28,60,92,26,34,92,155,134,134,179,175,153,103,61
2003,Hai_Duong,81.15,66.3,89.25,85.05,103.45,129.8,123.85,79.2,79.65,126.45,110.25,129.85,39.35,28.35,15.8,102.4,156.85,237.7,337.85,460.2,193.7,59.35,2.8,3.25,21,23.4,11,46,42.5,65,143.1,169,56.8,71,4,4,6,9,10,13,21,17,15,24,14,4,2,2,16.45,20.15,20.95,25.35,28.05,29.45,29.3,28.65,27.15,25.5,22.8,17.65,20.45,23.3,24.35,28.95,32,33.4,32.75,32,31.25,30.05,27.55,22.7,13.65,18.15,19,23.15,25.35,26.4,26.4,25.6,24.7,22.55,19.55,14.4,27.1,28.5,35.2,33.9,38.2,36.8,35.8,35.5,34.6,32.7,32.5,29,7.3,10.9,13.2,18.6,19.2,23.2,24.3,23.5,22.2,18.9,13.1,8,84,91,87,86,89,82,86,89,90,81,80,75,41,47,45,53,50,55,63,64,55,40,43,28,125,80,75,129,175,161,251,130,169,175,141,136
2004,Hai_Duong,76,65.95,71.85,64.85,87.5,124.5,105,77.2,79.1,137.85,104.6,118.75,12.7,30.15,35.8,96.85,232.35,67.5,405.7,278.7,119.5,0.95,13.15,37.75,8,16.3,7.9,54.2,86.8,21.7,223,82,53,1.4,7,38,10,11,16,17,22,9,18,16,12,3,6,4,16.7,17.35,19.95,23.6,25.85,29,28.55,28.55,27.1,24.8,22.25,18.7,19.95,21.1,22.75,27.45,29.85,34.05,32.05,32.65,31.7,30,27,23.75,14.45,14.9,18.15,21.25,23.05,26.4,26.1,25.75,24.8,21.4,19.1,15,27.3,25.8,29.9,31.2,35.7,38,39,35.9,34.5,33.6,31.5,28.2,9.4,6.6,13.7,15.7,17,20.6,23,22.6,21.5,18.6,12.3,8.8,83,87,89,89,87,81,83,85,83,77,79,78,35,43,40,45,61,51,54,61,55,38,31,30,32,60,33,80,143,186,104,183,134,154,121,158
2005,Hai_Duong,80.45,51.6,69.1,72.6,113.1,103.4,109.95,74.2,106.3,110.85,89.5,121.3,8.45,42.8,28.85,13.55,143.1,246.25,282.25,291.2,259.9,14.5,115.8,33,3.8,29.7,12.3,6,32,119,69,82.7,91.2,20,66,32,8,15,19,13,14,15,17,20,11,5,8,8,16.1,17.75,18.85,23.75,28.5,29.5,28.95,28.15,28.2,25.25,22.15,16.85,19.05,20.2,21.75,26.95,32.85,33.7,32.65,31.9,32.2,30,26,20.45,14.2,15.95,16.8,21.65,25.65,26.7,26.3,25.65,25.1,22.8,19.55,14.3,26.7,26.7,28.9,34.5,36.7,38,37,34.5,34.9,34.2,31.2,28,7.1,10.2,10.3,17.1,22.2,22.8,23.5,23.1,22.4,16.6,12.7,7.4,81,88,86,88,85,82,83,87,84,80,82,73,39,55,44,65,60,51,59,65,59,44,44,29,24,14,30,76,209,134,214,146,184,138,136,53
2006,Hai_Duong,99.2,56.95,56.95,84.9,111.9,90.35,91.7,55.7,113.3,98.7,107,107.9,4.25,21.75,41.5,20.75,165.1,186.6,231.65,492.9,72.05,27.05,111.45,0.8,3.4,11.4,19,24,98.7,34,81,138,30,7.7,54,1,4,15,24,6,17,15,17,20,7,7,7,1,17.65,18.25,19.85,24.6,27,29.35,29.4,27.5,27.4,26.85,24.15,18.1,21.05,21.1,22.55,28,31.5,33.35,33.25,30.95,31.75,31.6,29.15,22.55,15.35,16.35,18.1,22.35,24,26.45,26.55,25,24.2,23.65,20.8,14.75,27.9,27.9,27.8,33.5,36.1,37.5,36.5,34.9,35.8,33.5,32.5,29.5,10,11,10,15.2,17.6,23.4,23.4,23.4,20.6,21.1,16.3,9.4,79,87,88,86,84,82,82,88,77,82,80,79,43,64,41,52,43,50,59,62,43,45,31,32,74,26,16,95,166,144,153,95,186,129,145,114
2007,Hai_Duong,110.95,69.5,42.4,79,85.65,109.25,112.15,73,83.35,101.85,130.5,76.55,1,20.05,32.2,70.15,194.95,229.5,194.05,140.7,288.25,125.4,11.7,16.1,1,16,18,29,79.4,44,47.3,46,118.5,36,12.5,14.4,3,6,17,11,16,14,14,20,14,11,2,5,16.45,21.4,20.7,22.8,26.6,29.7,29.65,28.4,26.65,25.25,20.65,19.65,20.2,24.7,22.55,26.65,31.05,33.7,33.4,32.3,30.3,29.3,25.75,23.35,13.75,19,19,20.3,23.2,26.45,26.45,25.7,24.2,21.9,16.55,17.8,26.5,29,27.7,33.9,37,38,35.9,35.4,34.5,32.8,29.7,28.5,8.4,9.9,11.3,12.7,19.5,23,23,24,20.7,18.7,9.3,13.5,70.5,81.5,81.5,81,83.5,86.5,84,84.5,81.5,79.5,75,82.5,22,27,56,37,30,47,56,58,31,40,24,41,67.75,51.85,5.05,76.25,149.65,201.45,230.1,150.05,134.6,119.25,188.25,39.7
2008,Hai_Duong,72.7,78.85,58.25,60.2,89.75,68,97.2,69.3,64,88.75,96.25,93.65,37.6,20.25,45.6,55.45,156.8,419.8,152.75,248.05,353.95,24.05,317.55,16.55,19,6.2,37.8,43,56,99.9,52,61,104,14.6,175,16,9,12,13,15,12,21,16,18,19,10,8,2,14.6,13.25,20.7,24.1,26.55,27.85,29,28.25,27.55,26.3,20.95,17.8,18.15,16,24.3,27.3,30.75,32,32.9,31.8,31.6,30.7,25.15,22.4,12.2,11.15,18.25,22.15,23.75,25.3,26.35,25.7,24.9,23.65,18.1,14.5,27.7,26.2,27.2,32.5,36.2,36,35.6,35.5,35.5,33.9,29.4,27.1,6.1,5.6,9.3,16.5,19.4,23,23.4,21.9,21.5,21.3,10.2,10.9,80,71.5,84.5,86,83.5,86,82.5,85.5,86.5,81.5,75,74,25,35,26,47,43,58,54,57,56,47,30,38,63.05,30.7,64.35,68.35,162.9,120.65,140.9,137.05,142.55,116.95,146.2,130.35
2009,Hai_Duong,99.4,54.6,52.35,68.35,83.95,96.35,82.9,86.6,80.1,104.25,131.8,89.75,0.4,10.85,45.8,91.8,220.4,178.45,285.75,127.7,165.65,78.5,1.2,8.75,1,4,33,37,73.1,98.8,87.1,55,60,63.3,2,6,2,8,16,18,14,13,19,14,15,8,2,7,15.4,21.55,20.55,23.9,26.5,29.5,29.2,29.2,28.15,26.2,21.1,19.35,19.95,25.65,23.45,27.05,30.1,33.65,32.8,33.2,32.15,30.55,25.85,23.05,12.3,19.6,18.8,21.7,24.1,26.5,26.5,26.45,25.55,23.4,18.1,17,25.4,31.3,30.7,34.5,33.2,37.5,35.5,36.5,35.5,34.2,34,29.5,6.5,13.8,11.6,15.2,20.6,21.7,23.4,22.7,23.3,19.5,11.2,11.6,72,88,86,85.5,83.5,79,83,83.5,83.5,79,69,77,19,49,35,38,45,44,48,52,51,33,30,39,107.4,77.9,51.7,87.7,153.55,174.2,172.7,197.7,159.75,134.85,147.6,68.9
2010,Hai_Duong,50.45,66.25,76.55,52.2,77.75,107.6,117,60.5,67.5,129.25,109.65,79.65,119.6,6,4.05,73.05,158,283.3,218.65,336.6,182.65,26.55,4.65,7.1,37.5,5,1.1,20,65,74.4,39.3,63.6,60,10,3,2.1,13,7,10,22,12,13,19,28,12,11,3,7,17.65,20.15,21.15,23,27.7,29.75,29.9,27.6,27.85,24.8,21.65,19.05,20.5,23.5,24.15,25.95,31.3,34.15,34.2,31.35,32,28.95,26.4,23.15,15.65,18.3,19.35,21,25.6,26.95,26.9,25.35,25.3,22.1,18.3,16.15,27.7,33.2,30,31.3,36.9,38.4,38.6,34.5,35.4,33.6,30.2,28.1,11.6,8.9,12.8,13.9,21.5,22.7,23.5,22.9,21.6,14,13.5,8.5,84.5,82.5,82,88,86,80,81.5,89,85.5,73.5,71.5,76.5,39,41,33,45,54,48,44,61,52,32,30,24,26.5,81.1,33.15,53.85,122.45,157.5,217.5,122.8,166.95,141.1,111.45,80.05
2011,Hai_Duong,79,47,50,60,79,68,100,83,65,66,82,79,3.55,10.4,88.05,42.8,151.1,442.2,245.95,169.7,226.2,79.15,44.5,11.15,2,3.3,27,28,84.7,127.4,72,45,52,21.9,40,9,5,14,20,13,14,20,18,16,18,12,5,5,12.3,17.45,16.75,23.2,26.3,28.9,29.75,28.45,27,23.95,23.3,16.85,14.8,21.2,19.45,26.7,30.8,32.8,33.1,32.3,30.95,27.55,27.95,20.75,10.55,15.35,14.75,21,23.45,25.95,26.35,25.7,24.45,21.4,20.1,14,20.7,29.2,27,30.8,35.5,36.3,37.5,37,36.5,32.5,32,24.5,6.1,9,7.9,16.8,20.2,23.3,23.9,22.3,20.7,17.9,16.3,7.5,71,83,83,85,82,84,83,83,84,83,81,71,32,49,53,52,46,52,50,49,48,44,45,31,11,48,13,65,165,148,188,197,132,97,134,97
2012,Hai_Duong,31,33,48,71,72,87,98,71,77,96,70,57,28.55,12.2,24.1,49.85,255.45,194.8,295.95,428.05,88,156.8,67.9,42.1,6.7,4,11.1,37,64,101.7,102,123,28,109,36,47,20,19,18,4,17,19,17,14,12,11,10,13,14.4,16,20,25.35,28.25,29.45,28.95,28.5,27.1,25.9,22.85,18.4,16.55,18.65,22.4,28.95,32.3,33.5,32.75,33.05,30.9,30.2,26.55,21.75,12.8,14.15,18.3,23.1,25.55,26.45,26.25,25.75,24.65,23.15,20.35,16.35,23.5,27,28.4,37,37.7,37,37,36.5,33.5,32.9,33,30,7,9,11.2,17.8,22.4,23.3,23.3,23,20.6,20.9,13.8,10.4,87,87,86,85,85,80,82,84,82,81,83,82,60,56,47,51,57,53,55,56,41,45,39,40,1,12,13,94,179,111,173,182,140,128,101,37
2013,Hai_Duong,48,41,63,59,77,91,77,68,73,114,94,89,8.9,9.65,24,32.4,339.5,164.95,377.75,349.55,258.1,27.7,50.5,22.45,4,3,11.5,17,117,80.6,112,103.5,72.5,17.4,40.9,12,11,12,12,11,18,11,27,16,20,6,8,6,15.05,19.6,23.2,24.35,27.95,29,28.1,28.55,26.4,25,22.2,15.3,17.65,23.1,26.7,27.9,32.65,33.25,31.65,33,30.15,29.6,26,20.4,13.35,17.55,21.15,22.3,24.85,26.15,25.6,25.85,24.15,22,19.85,11.75,26,28.1,31.5,34.7,39,37.6,34.5,36.3,34.3,34,32,26.5,7.6,11.8,14.2,16.8,21.2,21.5,23.3,22.9,20,17,14.2,6.4,83,87,85,84,83,79,86,84,86,76,77,76,50,60,52,49,48,41,63,58,47,34,37,37,13,35,68,74,166,187,135,156,109,149,77,179
2014,Hai_Duong,85,50,26,51,100,90,88,77,89,102,70,95,1.05,23.85,93.15,93.75,40.8,143.15,176.9,258.45,186.6,162.45,26.1,27.55,1,5,44,45,14,43,60,135.9,97.9,113,12.8,18.2,2,18,27,20,12,15,20,16,11,9,6,5,16.9,16.7,19.6,24.95,28.55,29.65,29.35,28.45,28.6,26.35,22.35,16.6,21.95,19.5,21.85,27.4,33.05,34.15,33.25,32.45,32.7,31,26.35,20.7,13.5,14.85,18.15,23.4,25.7,26.8,26.65,26.15,26,23.25,19.9,13.75,26.5,28.5,29.5,32,38,37.6,36.7,37,35.4,35.5,32.4,25.6,6.8,7.7,12.7,19.2,18.2,23.7,24.7,23.9,22.4,19.6,15.5,8.7,79,84,93,90,83,83,84,86,83,79,83,72,21,46,71,76,50,51,52,56,47,39,48,30,125,25,7,14,199,134,142,115,182,153,98,104
2015,Hai_Duong,65,39,29,72,91,122,116,85,69,97,82,52,43,36,42,11,136,436,174,407,422,51,248,66,23,33,6,7,41,161,43,96,165,23,93,22,6,7,18,7,10,17,16,13,17,6,13,13,17.33548387,18.9125,21.47096774,24.605,29.49516129,29.74666667,29.30967742,29.21612903,27.68333334,26.00161291,23.83333334,17.88709678,21.5,21.4,24,28.8,33.8,34.5,33.4,33.3,31.5,30.7,27.4,20.9,14.7,17.2,19,22.2,26.9,26.8,27,27,25.7,23.4,21.8,16,24.8,27.4,29.2,35.7,38.3,38.7,38.8,37,35.5,33.9,33.5,30.6,10,10.3,15.1,15.5,23.1,22.6,24,23.7,22,18.6,13.8,11.6,81,86,92,83,83,82,80,82,89,79,86,84,35,50,69,38,51,49,48,50,58,47,53,51,120,23,24,125,222,218,153,192,121,171,102,52
2016,Hai_Duong,43,82,63,54,82,158,120,88,96,143.8,107,120,112,5,23,134,240,92,260,672,124,61,9,6,39,4,16,29,167,23,111,159,30,38,5,3,16,3,12,18,8,15,12,18,11,8,5,8,16.67258065,16.03793104,19.82741936,25,28.06451613,30.345,29.95806452,28.86290323,28.60666667,27.28064516,22.495,20.50806452,19.5,19.8,22.3,27.5,31.2,34.8,33.8,33.1,32.6,31.5,26.9,24.8,14.9,13.7,18.2,23.2,26,27.6,27.6,26.7,26.4,24.5,19.8,17.2,28,31.5,26,31,35.1,38.7,37.2,36.6,35.7,34.2,32.5,28.8,5.4,9.5,12.8,18.4,22.9,24.2,23.1,24,24.3,19.8,13.3,11.8,87,75,84,87,81,79,82,86,84,81,80,76,48,36,41,64,40,44,54,56,53,47,43,34,43,96,26,51,142,224,176,150,146,184,117,132
2017,Hai_Duong,75,99,66,89,113,120,95,88,70,89,89,87,43,24,96,54,131,242,262,394,454,211,8,31,25,24,50,22,58,53,34,72,158,74,4,19,10,3,17,8,11,15,23,15,15,13,8,6,19.21612903,19.39464286,21.46612903,24.345,27.21774194,29.66166667,28.69032258,28.77741936,28.61666667,25.18709678,21.63,17.38064516,22.8,23.1,24.3,27.8,31,33.6,32.5,32.5,32.6,28.8,25.3,20.5,17,17.1,19.8,22,24.6,27,26.4,26.7,26.2,22.9,19.1,14.9,27.5,27.5,28.7,35.5,34,40.2,37.3,36.2,34.7,32.6,31.5,25.2,10.9,13.2,15.2,17.4,20.5,24,24.8,23.8,23.5,18.1,12.7,8.4,81,76,85,82,82,83,86,87,87,82,79,76,51,38,46,51,38,42,58,57,61,45,44,28,62,85,31,72,175,137,114,132,147,138,65,81
2018,Hai_Duong,62,74,83,69,102,112,102,68,84,94,83,66,13,1,26,37,334,155,446,490,209,96,44,53,5,1,13,16,92,38,101,100,100,50,21,18,9,13,12,13,15,15,21,23,12,10,6,11,17.62741936,17.11071429,21.86290323,23.67833333,28.63064516,29.855,29.17741935,28.50645162,28.04833334,25.30806451,23.405,18.84032258,20.1,19.9,25.2,26.9,32.7,33.9,32.6,32.4,31.7,29.4,27.7,22.5,15.7,15.3,19.6,21.6,25.9,27.1,27,26.1,25.6,22.7,20.5,16.8,26.5,25.2,30.6,30.7,36.3,37.2,38.8,37,35.2,32.8,31.2,30,8.5,9.5,13.2,14.8,22.4,24.3,24.2,23.7,23.1,19.8,15,8,83,75,84,85,85,82,87,91,88,85,86,88,37,30,37,39,55,52,50,59,57,40,34,51,25,33,83,74,228,171,149,142,172,172,156,113
2019,Hai_Duong,54,51,45,56,81,126,119,70,107,103,97,99,17,18,13,231,84,293,51,385,67,59,35,3,5,11,4,82,49,118,16,128,25,24,13,2,9,7,9,12,13,9,12,19,7,11,7,6,17.5,21.8,22.1,26.8,27.7,30.9,30.7,29.3,28.5,26.1,22.7,18.9,20.2,24.9,24.7,29.8,30.6,35,34.6,33.5,33,30.4,27.2,23.5,15.4,20,20.1,24.4,25.4,28,27.6,26.5,25.4,23.4,19.6,15.7,26.7,29.3,29.3,34.6,39.1,38.9,38.1,38.2,36.6,33.9,31.3,27.8,9.5,12.9,15.4,19.4,21.5,22.8,24,24.5,22.2,17.6,17.2,8.8,87,88,88,88,86,81,82,86,80,83,80,79,57,65,59,67,49,49,51,60,41,39,38,29,34,71,40,107,119,179,160,172,223,141,146,153
2020,Hai_Duong,71,61,52,53,108,173,153,84,83,99,103,99,63,16,116,73,28,86,42,301,102,236,40,3,53,5,69,25,6,35,30,60,19,86,30,3,10,10,16,15,9,6,9,18,17,15,6,2,19,20,23,22,29,31,31,29,29,24,23,18,22.3,22.9,25.4,25.1,33.2,36,35.1,32.2,32.6,27.6,26.9,21.5,17.1,17.5,21,19.7,26.2,28.3,28.2,26.3,26.4,21.8,20.2,15.2,27.2,28.2,32.2,30.5,39.4,39.2,38.4,36.9,37.2,32.1,29.7,28.3,10.9,13.5,15.2,14.5,23.4,25.2,26.1,24.2,23.2,17.2,15,10.8,86,87,91,86,82,81,82,87,88,84,83,72,42,38,55,48,48,49,47,58,58,33,33,33,54,69,33,43,176,254,229,144,145,127,135,97
2000,Hung_Yen,71.8,61.3,67.8,72.5,93.9,100.3,105.3,85.7,80.5,76.5,100.4,88.4,0.8,19.8,38.8,66,143.2,111.8,155.2,262,282,172.8,3.6,0.9,0.5,7,11.1,31.2,92.1,18.7,30.5,49.7,60.7,62,2.1,0.3,3,15,17,16,15,13,12,16,19,11,6,5,17.7,15.9,19.7,24.6,26.7,27.9,29.1,28.4,26.3,24.4,20.6,19.5,20.8,18.8,22.4,28.5,30.7,31.8,32.9,32,29.9,28.2,25.2,23.8,15.8,14.2,17.8,22.4,24.2,25.1,26.4,25.9,24,22.4,17.6,17,28.2,24.7,29.4,34.5,35.6,34.8,35.6,34.9,33.3,32.9,29,27.4,9.4,7.4,9.4,18.8,18.9,21.6,22.8,23.9,21.7,17.4,11.8,11.3,86,89,93,91,87,86,85,90,89,86,78,78,55,60,55,55,55,56,57,67,51,47,40,40,52.5,21.6,43.4,98.2,152,154.1,209.1,167.1,143.2,133.8,158.5,107
2001,Hung_Yen,70.3,56.9,68.1,69.4,97.2,97.7,95.1,71.7,73.8,71.5,86,63.5,49.1,27,116.4,33.8,235.9,186.4,274.4,450.2,177.9,368.6,51.6,57.8,34.2,13.2,30.1,17.3,51.1,51.3,69.6,85.7,51.2,100.2,17.5,26.5,13,16,21,14,13,16,15,17,11,15,8,10,18,16.8,20.6,23.7,26.4,28.6,28.9,28.4,27.5,25.4,20.3,17,21.3,19.4,23.5,27.2,30.5,32.5,32.6,31.6,31.1,29.2,25.4,20.4,15.7,15.1,18.8,21.8,23.7,25.9,26.5,26.1,25.1,23.2,17.1,14.8,29.2,24.8,29.7,35.4,36.3,36.3,36.3,35.2,34.8,32.6,30.7,27.9,10.3,11.1,13.5,15.3,21.4,23,23.7,23.6,23.5,20.6,12.3,8.1,85,87,91,92,88,88,86,88,87,88,82,86,43,49,54,60,54,57,54,60,51,54,42,49,58.3,30.7,62.1,70.2,144.7,165.1,162.5,169.9,180.5,106.9,193.1,69.1
2002,Hung_Yen,75.5,47.9,64.4,67.3,78.1,83.6,84.9,74.8,78.7,81.7,72.4,64,1.9,21.7,8.8,42.6,269.6,158.1,137.9,117.9,96.7,212.2,50.5,30.9,1,7,2,13,71,49,34,23,25,89,12,16,4,14,13,10,15,15,16,17,12,12,11,9,17.2,18.6,21.7,24.8,27,29.2,29,27.8,26.8,24.7,20.6,18.7,20.9,20.9,24.7,28.5,30.8,33.3,32.8,31.6,30.8,29.2,24.3,21.6,14.8,17.1,17.7,22.9,24.6,26.2,26.6,25.5,24.4,21.9,18.1,16.9,26.8,26.5,28.4,31.6,35.9,36.3,36.9,35,33.5,33.7,31.7,30.2,10.4,11.3,14.7,15.8,21.6,22.8,24.2,23.5,21.2,17.7,12.7,6.8,83,91,88,89,87,62,86,88,84,84,85,88,46,62,46,52,56,55,59,58,77,43,38,52,83,22,33,105,155,149,121,161,147,144,94,65
2003,Hung_Yen,47.2,45.8,56.4,54.8,78.3,90.1,73.9,55.4,55.7,76.2,72.7,68.9,24.5,41.4,35.2,74.8,215.5,216.7,139.1,226.4,307.4,20.3,7.4,4.9,11,21,17,47,113,39,43,73.7,113,8,5,4,7,6,10,11,11,10,12,18,12,6,2,3,16.4,20.1,21.3,25.5,28.4,29.8,29.5,28.5,27.2,25.6,22.8,17.1,20,23.5,24.7,29.3,32.5,33.6,33,33.6,30.8,30.2,27.1,21.6,13.7,18.2,19.2,23.3,25.7,27,27.2,26.2,25.7,22.6,19.9,14,26.6,27.9,37.6,34.7,37.7,37.2,35,35.4,33.7,33.6,31,27.3,7.4,11.2,12.7,19.1,20.4,23.5,25,23.8,22.5,19.5,14.3,8.4,84,89,86,88,86,83,87,92,89,81,80,79,45,43,27,57,49,54,56,64,51.04,41,46,40,114,74,79,128,184,173,251,117,153,162,117,95
2004,Hung_Yen,68.7,56.6,66.5,69,77.1,112.6,94.5,78.6,67.2,99.1,72.9,79.5,8.1,36.8,35.3,77.9,186.6,119.4,263.6,181.2,104.9,1.4,17.2,26.6,2,11,13,24,45,66,72,32,57,1,6,17,12,11,16,13,16,13,14,18,13,1,4,6,16.6,16.9,20,23.4,25.8,28.7,28.6,28.4,27.3,24.8,22.1,18.4,19.5,20.3,22.8,27.2,29.9,32.9,32.1,32.3,31,29.4,26.4,23.3,14.6,14.6,18.2,21.7,23.2,26,26.5,25.9,24.9,21.6,19.2,15.1,26.5,24.7,31.8,30.8,34.5,38.1,38.5,35.3,33.9,32.5,30.6,26.8,6.9,6.2,13.6,16.2,18.2,21,24,23.4,21.4,19.7,13.3,9.6,84,89,89,91,88,82,85,87,86,78,82,82,45,49,50,65,58,52,60,58,55,43,40,39,26,56,40,81,145,194,103,177,101,101,128,146
2005,Hung_Yen,58.6,43.5,54.7,59.6,90.2,118.5,109.1,77.3,83,87.2,68.1,82,12.4,51.2,24.8,11.4,89,117.1,132.9,277.6,373,17,190.7,36.9,5,29,8,3,29,52,32,77,82,11,103,26,10,19,19,15,13,9,16,17,14,5,7,4,15.8,17.6,18.6,23.2,28.4,29.9,29.2,28.2,27.8,25.7,22.2,16.5,18.6,19.8,21.6,26.7,32.7,34,33.1,31.6,31.5,29.4,25.5,19.6,14,15.9,16.8,21.4,25.6,27.2,26.8,25.9,25.3,23.2,20,14.5,25.4,25.7,27,35.8,36.5,37.6,35.6,35.1,34.2,33.2,30.7,28.2,6.2,10.2,11.3,16.7,23,24.5,24.5,23.8,23.7,18,13.7,9.2,85,92,86,88,85,80,83,87,81,77,78,70,42,57,41,54,56,50,56,56,56,43,41,35,30,6,29,70,200,129,206,133,165,115,113,57
2006,Hung_Yen,70,43.7,46,74.6,102.1,110.2,106.8,73,110.9,88.2,87.7,85.3,2.4,27.8,34.7,22,114.7,210.7,218.4,291.6,66.3,18.3,66.1,0.7,10,10,6,6,31,78,40,63,37,8,37,1,4,15,19,8,13,11,15,19,7,10,8,1,17.6,18.2,19.8,24.7,27.1,29.5,29.3,27.5,27.3,26.6,24.1,17.6,20.7,20.5,22.2,28.7,31.4,33.5,33,30.8,31.4,30.7,28.6,21.8,14.9,16.6,18.1,22.4,24.3,26.9,26.9,25.5,24.7,24.1,21.2,14.7,27.3,26.4,26,37,34.6,37.2,36.6,34.3,34.5,32.5,31.7,28.5,9.5,11.7,11,16.1,19.1,23.5,24.5,24,21.3,22.4,17.4,9.8,77,85,84,82,80,79,73,83,76,83,82,75,45,62,39,46,37,49,45,54,41,50,28,30,64,27,22,97,180,171,144,94,162,129,135,95
2007,Hung_Yen,84.6,51.4,38.7,68.5,102.8,123.3,122.9,75.8,78.7,78.5,95,55.2,1.3,33.5,35.1,65.1,145,107.5,166.1,183.2,251,173.4,12.6,9.8,0.8,27,12,38,51,43,42,72,122,46,12,4,5,8,17,9,17,13,12,15,16,10,2,9,16.3,21.2,20.7,22.8,26.5,29.8,30,28.5,26.6,25.1,20.4,20,19.9,24.3,23.1,26.7,30.8,34.1,34,32.1,30.4,29.1,25.5,23.1,13.8,19.1,19.2,20.6,23.6,27,27.2,26,24.3,22.6,16.7,17.3,24.9,27.6,28.3,35,37.5,38.5,37.5,35.5,34.2,32.6,28.8,27.8,9,11,11.2,13.5,19.6,24,25.3,23.8,21.4,18.6,11,13.8,68,84,75,83,83,86,83,84,79,81,87,86,21,24,53,55,48,47,57,62,43,45,33,48,53,46,9,74,155,222,237,126,122,98,169,32
2008,Hung_Yen,62.9,56.6,51.2,62,94.5,75.9,105.9,94.1,88.4,96.3,103.4,100.9,39.9,15.1,36.8,33.1,99.9,304.1,218.3,221.1,313.1,237.7,190.4,19.3,13,6,17,11,22,57,58,56,72,127,77,16,10,10,12,13,10,18,14,15,16,13,8,4,14.6,13.2,20.5,24,26.8,28,29,28.5,27.5,26,20.9,17.9,18.1,15.6,23.9,27.3,30.9,32.3,33.1,32.2,31.3,29.8,24.7,21.9,12.3,11.4,18.1,22,24.2,25.5,26.5,26.3,25.2,23.7,18.3,15,28.5,25.3,28.4,32.6,36.2,37,36.2,35.7,34.7,32.7,29.2,25.7,7,6.1,10.2,17.4,20,22.9,23.2,24,22.7,21.4,11.3,11.8,83,76,87,88,83,86,82,87,87,84,80,79,36,46,35,55,51,60,53,59,56,51,36,45,62,26,55,63,156,105,148,134,122,83,138,98
2009,Hung_Yen,98.3,58.7,67.5,75.8,96.8,133.4,100.2,107,97.3,97.8,139.1,88.4,4.6,5.6,57,182,165.7,93.6,451.7,205,248.5,105.8,3.8,3.5,1,3,32,99,40,42,110,63,61,33,3,2,6,10,15,14,17,12,14,11,13,9,3,5,15.3,21.9,20.5,23.8,25.6,29.9,29.3,29.2,28.2,26,21.1,19.4,19.4,25.5,23.4,27.2,30,34,33.1,33.2,32,30.1,25.5,23,12.6,19.7,18.5,21.8,24.3,26.9,26.7,26.6,25.7,23.4,18.4,17.3,25,31.7,31.7,35.5,32.7,37.5,36.7,35.8,36.2,33.4,33.5,29.4,7.8,15.3,12.6,16,21.9,22.5,23.8,23.5,22.8,20.1,12.5,13,77,90,88,89,87,80,85,85,86,82,72,82,32,60,35,49,55,48,53,51,55,44,36,47,109,74,42,81,148,184,166,191,136,132,142,71
2010,Hung_Yen,49.3,71.4,88.6,59.4,101.6,137.4,130.5,80.5,92.5,139.1,112.8,89.5,95,9.2,6.6,39.8,80.2,87.2,94.7,178.4,67.4,36.4,2.7,6.7,42,3,3,5,41,42,39,42,25,23,2,2,14,11,11,19,12,9,14,20,8,9,2,5,17.5,20.3,21.3,23,28.2,30.4,30.5,28.2,28.2,24.8,21.6,19.1,20.5,23.8,24.6,26.1,32.2,34.9,34.7,31.6,32,28.7,25.8,23,15.5,17.9,19.2,20.9,25.6,27.4,27.6,25.9,25.7,22.1,18.4,16.5,27,33.6,31.6,31.6,37.6,38.9,39.6,34.3,35.5,33.1,28.9,27,11.7,8.7,13.5,14,21.7,23.6,23.5,23.5,22.4,13.6,14.4,10,88,86,84,89,86,79,83,88,86,76,76,81,48,44,37,55,52,48,41,65,54,30,34,38,31,83,45,46,137,159,215,129,140,121,90,80
2011,Hung_Yen,87,52,64,77,102,99,105,93,84,88,81,112,4,15,59,61,130,149,141,101,279,50,40,11,1,6,17,52,49,31,39,41,94,11,31,8,6,11,14,9,13,16,11,15,20,12,5,3,12.4,17.3,16.6,23.1,26.5,29.1,29.5,28.7,27,24,23.3,16.9,14.5,20.3,19.1,26.4,30.7,33.2,33.3,32.1,30.5,27,27.2,20.3,10.7,15.5,14.7,20.8,23.7,26.5,26.9,25.3,24.8,21.9,20.5,14.5,19.8,26.5,25.5,31.4,35.2,36.5,38.2,36.4,36.4,32.5,30.9,23.5,7.1,10.2,8.2,16.7,19.8,24.3,24.5,23.7,21,18,17.5,9.1,75,88,87,88,84,85,83,84,87,86,83,73,37,49,53,52,49,55,49,52,48,46,46,33,11,32,12,66,163,147,188,181,121,73,97,76
2012,Hung_Yen,36,43,61,81,86,113,104,98,91,99,88,80,18,11,15,97,330,124,189,388,189,111,139,32,4,2,3,59,148,35,36,80,47,47,71,20,20,10,16,5,16,15,18,17,11,9,8,10,14.2,15.8,19.6,25.4,28.4,29.9,29.6,28.9,27.3,26.1,23.1,18.7,16,18.5,21.9,29.1,32.3,33.7,33.1,32.8,30.5,29.8,26.6,21.9,12.8,14.2,18.2,23,25.8,27.2,27,26.3,25,23.9,20.7,16.8,20.7,25.5,28.1,36,37.5,38.2,37,36.5,33,32,33.7,29.3,8,9,13,18.9,22.8,24.6,24.9,23.6,22,21.5,14,11.2,92,90,89,86,86,80,83,84,83,82,85,83,61,58,44,44,48,51,50,53,44,41,37,38,2,11,14,87,146,93,143,146,108,100,103,38
2013,Hung_Yen,65,46,70,73,100,132,76,91,75,124,87,93,12,25,19,38,223,226,366,331,340,69,63,21,4,7,9,14,52,86,64,126,74,40,41,13,13,15,13,11,16,10,21,13,20,8,9,3,15.1,19.7,23.2,24.3,28.4,29.5,28.4,28.8,26.7,25.2,22.2,15.6,17.3,22.7,26.2,27.7,32.8,33.2,31.5,32.4,29.7,28,25.2,19.8,13.7,17.8,21.4,22.3,25.4,26.6,26.2,26.3,24.5,22.6,20.2,12.6,23.7,28,30,32.7,38.4,38,34.1,35.3,34.4,32.7,30.1,25.3,8.6,11.6,14.2,16.4,21,23.5,23.5,24,21.2,18.6,15,7.6,84,89,86,86,82,77,87,84,87,78,79,77,48,55,48,54,46,42,58,56,48,29,36,37,11,38,42,52,123,129,91,129,90,122,55,166
2014,Hung_Yen,93,42,25,47,98,98,76,66,79,95,58,79,2,27,80,160,256,86,215,243,257,167,69,26,2,4,12,99,87,11,49,65,76,88,27,12,1,18,27,17,13,16,20,18,10,9,8,5,17.2,16.9,19.6,25.1,28.7,30,29.6,28.6,28.9,26.5,22.7,17,21.6,19.4,22,27.5,33.3,34.2,33.3,32.3,32.8,30.8,26,20.6,14.2,15.1,18.1,23.5,25.8,27.4,27.1,26.5,26.5,23.8,20.4,14.5,25.8,26.3,28.8,31.8,37.7,38,36.6,36.8,34.8,35.3,31.6,26.1,8.8,7.9,13.4,19,19.4,24.5,24.8,24,23.6,21.3,16.6,10.1,77,84,91,89,81,82,84,86,82,79,84,74,18,42,68,63,47,50,54,53,45,39,52,30,123,29,12,39,188,143,143,114,173,150,89,88
2015,Hung_Yen,56,39,30,81,108,123,108,100,61,93,63,51,40,64,78,34,171,162,160,211,367,60,136,47,23,56,21,14,72,83,34,94,93,29,33,10,5,11,22,8,8,10,15,10,17,5,18,15,17.6,18.9,21.6,24.8,30,30.5,29.3,29.6,28,26.4,24.2,18,21.5,21.2,23.9,28.8,34.9,35.5,33.2,33.6,31.8,30.7,27.8,21.4,15.1,17.4,19.9,22.3,27.1,27.7,26.8,27.1,25.7,23.9,22.1,16,26.1,28,30.2,35.3,39.4,39.5,40.5,37.8,36.2,33.7,34.2,31.6,10.2,10.8,14.8,16.1,23.9,25.1,23.7,23.3,21.6,19,14.7,12.6,82,84,91,82,80,77,80,82,87,79,85,83,37,45,69,38,45,43,45,41,58,47,53,45,102,22,25,123,212,216,139,183,126,150,106,51
2016,Hung_Yen,35,70,37,40,78,115,100,74,79,100.6,78,80,121,6,29,122,279,94,284,451,294,53,9,1,48,3,10,36,118,36,157,101,176,22,6,1,17,5,17,18,9,10,12,18,11,11,4,1,16.8,16.3,19.7,24.9,28.3,30.7,30.1,29.1,28.6,27.3,22.7,20.7,19.6,20.1,22.3,27.9,32,35.4,34.1,32.5,32.3,31.1,26.9,24.8,15.1,13.8,18.1,22.9,25.9,27.9,27.4,26.8,26.2,24.8,20.3,18.1,29.2,33,25.5,32.2,36.5,38.4,37.8,36.6,36,34.1,32.7,29,5.5,9.8,13.1,19.2,22.4,25.3,23.1,24,24.1,20,13.8,12.2,88,75,89,89,83,76,79,85,80,79,78,75,45,34,37,66,42,40,42,50,45,43,40,33,34,99,21,51,142,220,181,137,134,163,120,111
2017,Hung_Yen,50,71,47,65,85,98,68,72,62,73,85,71,92,3,80,159,45,156,341,312,237,471,20,33,59,2,21,68,24,51,148,53,65,121,5,15,11,4,21,10,11,15,20,16,19,16,9,9,19.3,19.7,21.5,24.3,27.4,30.1,29,29.2,28.7,25.2,21.8,17.3,22.6,22.9,24.4,28.4,31.3,34.3,32.2,32.8,32.4,28.5,25.2,20.2,17.3,17.6,19.9,22.3,25,27.2,26.7,26.8,26.3,23.1,19.6,15.4,28.2,28.7,28.8,35.5,34.6,40.5,37.8,36.5,35,32,32.4,25.5,12.2,13.1,15.4,18,21.6,25,24.3,24,24,18.2,13.4,8.8,83,75,86,84,82,83,86,84,87,83,79,78,52,38,40,46,43,45,60,50,57,44,42,25,52,72,30,84,161,139,110,122,135,108,64,72
2018,Hung_Yen,43,58,60,64,92,111,90,66,85,84,70,58,26,10,32,83,236,75,575,430,114,128,56,60,9,3,12,37,105,23,146,85,35,81,17,15,13,10,10,8,15,12,22,19,11,10,8,9,17.6,17,22,23.8,28.7,30.2,29.2,28.5,28.2,25.5,23.6,19.3,20,19.5,25.3,27.2,33.2,34.3,33.1,32.6,32,29.6,27.8,22.8,15.9,15.2,19.9,21.7,26,27.3,26.9,26.3,25.9,23.1,21.2,17.2,27.4,25.2,31,31,36.8,38,40,36.5,36,33.5,31,30.3,8.2,10.4,14.2,15.8,22.6,23.8,24.6,24.6,23.3,19.3,15.4,8.6,85,78,84,84,80,77,83,87,83,82,84,85,35,31,34,39,46,21,46,61,52,42,36,51,23,37,78,71,240,177,136,122,161,153,147,99
2019,Hung_Yen,48,48,45,58,64,113,111,71,106,77,71,74,28,17,31,205,154,92,63,542,153,198,56,7,9,7,19,57,52,65,14,199,77,56,25,4,11,9,15,13,17,11,13,21,8,14,6,5,17.8,22.2,22.2,27,27.9,31.4,30.8,29.1,28.7,25.9,22.6,18.8,20.5,25.6,25.2,30.5,31.3,35.9,35.1,33.1,33.1,30,26.4,23.1,15.9,20.2,20.3,24.8,25.7,28.4,28,26.8,25.9,23.5,20.2,15.5,27,31,30.2,38.2,40.7,40.2,39,37.6,36,35.1,30,27.9,10.6,13.6,15.8,20.2,21.5,23.4,25.5,23.6,23,18.1,17.6,10.4,86,86,87,86,84,87,78,86,77,82,82,79,51,55,53,48,42,44,45,58,34,38,42,27,26,83,31,97,117,184,168,147,195,141,129,142
2020,Hung_Yen,47,48,38,45,90,144,123,60,66,75,69,80,122,26,68,65,60,70,25,366,150,289,61,8,96,14,32,19,22,21,13,102,28,102,46,8,13,12,20,17,10,8,8,16,14,16,5,5,19,20,23,22,29,32,31,29,29,24,23,18,22.5,22.9,25.7,25.1,33.6,36.6,35.6,32.5,32.7,27.2,26.9,21.4,17.3,17.6,21,19.8,26.5,28.4,28.3,26.6,26.6,22.3,20.5,15.7,29,28,34.3,31.3,40.5,39,38.5,37,36.5,32.2,29.8,28,11.6,13.3,15.2,15,23.3,24.4,25.7,24.4,23.2,18.2,15.4,10.6,86,86,90,88,81,73,77,86,84,81,80,74,43,36,55,45,47,43,44,56,55,37,37,35,57,59,33,47,178,248,204,144,132,103,127,115
2000,Nam_Dinh,57,40,32.9,56.6,72.5,88.1,89,68.3,66.2,63.5,88.8,77.9,3.2,17,45.6,20.8,130.2,157.8,327.3,313.9,360.3,98.6,1.4,1.7,2,4.7,10,5.8,46,68.1,188.2,94.1,107.6,33.8,1.2,1.2,4,14,16,14,15,13,12,17,18,13,2,3,17.9,16.1,19.6,24.8,27,28.4,29.4,28.7,26.6,24.7,20.9,19.8,21.1,19.2,22.7,28.9,30.9,32.5,33.3,32.8,30.2,28.6,25.7,24.2,16.1,14.5,17.7,22.7,24.7,25.5,26.5,26.1,24.3,22.5,17.6,17,27.6,26.5,29.8,34.7,36.1,35.5,35.8,36.1,34.4,33,29.6,28.1,9.9,8.3,9.4,19.4,19.3,21,23,23.2,21.5,17.8,12.1,11.9,84,87,91,88,86,82,82,86,87,87,79,79,52,60,53,53,49,51,57,63,43,45,34,40,49.4,27.9,45,104.9,149.3,106.3,185.6,164.1,133.1,145.8,147.2,91.6
2001,Nam_Dinh,53.7,43.4,45.5,46.6,79.5,80.6,88.2,63.8,71,61.6,81.5,45.7,15.8,22.7,117.6,27.1,200.6,232.5,334.3,379.3,207.1,336.5,87.4,51.6,4.4,7.7,31.8,5.1,53.4,42.8,58,71.5,39,126.3,33.4,15.1,10,9,18,14,15,17,15,19,12,12,8,11,18.1,17,20.7,23.9,26.6,28.8,29.3,28.3,27.6,25.5,20.5,17.1,21.7,19.9,23.7,27.5,30.8,32.8,33.2,31.8,31.3,29.4,25.6,20.8,16,15.3,18.9,21.8,24,26.1,26.4,26.1,25.2,23.2,17.2,14.9,29.1,26.4,30.6,35.9,36.6,36.6,36.6,35.6,34.1,32.8,30.8,28.9,10.2,11.1,13.6,15.4,21.4,23.1,24.1,23.7,23.7,20.5,12.5,8.9,86,88,90,90,85,84,84,87,86,87,81,87,43,49,56,60,52,48,53,61,51,56,40,44,57,35,46,65,150,157,169,149,161,111,186,66
2002,Nam_Dinh,56.1,30.9,48.7,62.9,78.7,87.6,93,71,82.7,69.5,57.3,44.7,4,19,19.1,46.3,365.8,130.5,136,178.2,87,194.9,57.7,71.5,2,4,5,30,95,30,42,40,21,64,20,30,4,21,16,8,16,17,18,14,14,16,9,12,17.3,18,21.9,25.2,27.3,29.4,29.3,28,27,25,20.8,18.8,21.2,21.3,24.9,29,31.3,33.6,33,31.9,30.9,29,24.1,21.8,15,17.3,20.1,23.1,25,26.6,27.1,25.7,24.7,22,18.5,16.9,27.7,26.3,28.1,32.1,36,35.8,37,34.6,33.5,33,32.2,30.2,10.2,11.5,15.2,16.6,22.4,24.2,24.2,23.3,21.6,18,13.2,7.1,84,90,87,87,85,83,82,86,84,85,83,88,48,61,47,48,57,55,53,61,57,43,39,52,75,19,34,107,164,158,101,156,146,144,89,59
2003,Nam_Dinh,54.4,44,60.3,73.9,78.8,112.9,113.2,62.3,57.3,89.4,87.3,85.6,38.5,18.7,25.6,25.8,180.1,103.1,168.6,311.6,499.5,36,2.4,2.7,22,9,13,11,61,84,53,61,215,35,1,2,11,7,10,13,15,10,10,17,14,3,3,4,16.6,20.4,21.5,25.8,28.6,29.9,30,28.8,27.5,26,23.3,18,20.6,23.7,24.9,29.6,32.9,34,33.7,32.2,30.8,30.4,27.7,21.8,14.1,18.5,19.6,23.6,26.2,27.1,27.8,26.6,25.3,23.1,20.4,14.9,26.5,27.8,35.2,35.6,38.2,37.4,36,36,34.2,33.6,31.7,28.4,7.2,12,13.4,19.4,20.8,24.2,25.2,24.2,23,19.9,14.1,8.8,84,89,85,85,85,78,81,87,86,78,77,75,45,51,30,54,50,49,53,57,55,40,42,28,104,65,66,140,184,167,254,116,130,159,118,87
2004,Nam_Dinh,46.8,37.3,43.6,45.8,66.5,100.5,73.3,51.8,48.8,79.2,74.84,72.24,7.86,42.6,29.2,71.2,188.4,193.2,311.9,196.6,271.5,35.3,311.9,16.7,3,16,6,14,84,127,82,47,90,33,8,5,10,11,22,17,12,11,12,16,13,5,5,7,17.1,17.6,20.3,24.1,26.3,29.2,28.8,28.6,27.5,25.2,22.3,18.7,20.2,21.1,22.9,27.5,30.5,33.8,32.3,32.8,31.6,29.7,26.7,23.3,15.1,15.5,18.5,21.9,23.8,26.5,27,26.4,25.4,21.8,19.3,15.5,27.7,26.6,32.6,30.8,35.6,38.4,38.5,35.6,34.5,32.5,31.2,27.2,8.3,7,15.1,16.7,18.4,20.9,24,24.6,22.2,19.7,13.6,9.4,83,87,85,86,72,80,83,86,86,78,82,80,38,44,41,60,52,46,52,58,54,42,42,34,26,62,52,73,143,210,92,155,127,120,113,140
2005,Nam_Dinh,44.2,25.6,43.3,48.7,98.1,114.3,102.9,74.5,75.5,90.5,68.4,80.5,14.1,22.6,27.2,38.4,73.1,66.5,240.5,323.7,496.2,63.3,210.4,18.3,6,4,7,23,42,29,38,80,126,59,91,14,9,19,23,11,15,10,15,24,16,6,7,13,16.2,17.8,18.9,23.7,29,30.3,29.6,28.5,28,25.8,22.4,16.8,19.2,20,21.7,26.8,33.3,34.3,32.3,32.1,31.7,29.6,25.7,19.9,14.3,16.3,17,21.4,26,27.3,26.8,25.8,25.3,23,20.1,14.5,25.7,26.4,27.6,34.6,37.5,37.2,36.2,35.1,34.5,33.5,31,28,7.7,10,11.4,17,23.6,25,24.3,23.6,23.2,18.3,13.5,9.2,83,91,87,88,82,77,81,86,85,81,83,76,38,62,44,58,52,45,52,58,54,46,46,31,33,9,31,69,190,128,208,131,144,109,125,49
2006,Nam_Dinh,65.9,36,38.9,66.8,100.7,107.3,108.6,67.8,111.7,88.2,86.3,87.8,2.4,34.3,28.4,24.4,220.2,124.2,171,437.8,155.7,39.9,26.2,6.9,1,18,5,9,65,43,42,75,57,21,12,6,5,17,17,10,14,14,14,21,8,11,6,2,18,18.3,19.7,24.9,27.4,29.8,29.8,27.7,27.7,26.8,24.6,18,21.3,20.6,22.4,29.2,31.6,34,33.6,31.4,31.7,31,29,22.2,15.9,16.6,18,22.4,23.9,27.2,27.5,25.8,24.8,25,21.6,15.1,27.4,26,27,35.3,34.5,37.5,37.5,35,35.6,32.4,33.2,28,10,11.7,11,15,20.2,24,24.5,23.8,21.2,21.7,18.5,9.9,80,89,89,85,82,81,80,87,78,83,81,78,41,66,39,50,38,49,53,59,41,52,33,31,65,20,18,104,185,188,161,117,175,143,148,81
2007,Nam_Dinh,86.6,48.6,32.2,70.6,93.7,118.5,123,76.3,69,69.9,105.1,54.8,5.5,45.3,69.8,43.9,174.6,56.1,216.6,164.2,178.9,124.8,10.1,33,4,23,9,13,73,16,72,30,54,34,10,13,7,8,15,8,17,12,13,17,15,9,2,8,16.5,21,21.1,23.1,26.6,30.2,30.3,28.5,26.9,25.3,20.7,20.3,20,24.7,23.3,27.1,31.1,34.3,34.5,32.4,30.6,29.5,25.6,23.5,14.2,19.5,19.5,20.5,23.6,27.8,27.3,25.9,24.3,22.6,16.9,18.2,25,28,29,35.1,38,38.9,37.2,35.5,33.7,32.6,29.2,29,10.5,12,11.8,13.5,19.5,24,25.2,23.8,21.5,19.4,10.2,13.5,63,83,73,85,87,92,84,83,78,78,85,84,25,26,76,51,49,46,50,62,39,44,27,52,62,54,12,87,149,223,257,116,126,97,162,35
2008,Nam_Dinh,50.7,55.3,49.8,59,88.5,69.4,97.5,67.1,61.4,72.4,89.3,79,60.7,21,30.5,38.2,164.7,220.4,214.1,337.9,245,240.9,204.3,22,21,9,9,19,43,43,45,85,90,133,79,18,12,13,12,12,11,18,11,17,13,11,8,5,15.1,13.4,20.5,24.4,27.1,28.4,29.4,28.8,27.5,26,21.3,18,18.5,15.9,24,27.5,31.2,32.4,33,32.3,31.2,29.9,25,22.1,12.7,11.4,18.1,22.4,24.3,25.8,26.8,25.3,25.1,23.7,18.9,15.4,28.4,25.8,29.5,33,36.5,36.9,35.5,35.9,34.5,32.8,30.5,26.2,7.2,6.2,10.5,17.5,19.6,23.7,23.5,23.5,22.2,21,12.9,11.6,85,79,87,87,82,60,81,85,88,86,79,79,34,43,39,56,49,57,56,53,59,54,32,43,68,30,65,76,164,105,146,134,118,90,122,90
2009,Nam_Dinh,67.7,40.6,40.7,47.5,69.6,112.1,87.2,88.6,77.7,88.9,110.5,68.6,4.9,3,114.8,214.4,249.2,180.6,325.6,146.7,316.9,65.9,5.5,16.1,2,1,45,134,66,98,122,50,128,26,3,11,13,7,23,12,14,11,16,13,15,10,4,5,15.7,21.9,20.6,23.9,26.8,29.9,29.5,29.4,28.2,26.3,21.4,19.7,19.8,25.6,23.7,27.4,30.5,32.8,33.4,33.5,32,30.4,25.8,23.4,13.1,19.6,18.6,21.9,24.3,26.1,26.8,26.6,25.5,23.4,18.6,17.5,24.8,32,32.2,35.3,31.3,37.7,37.5,36,36,33.4,34,29.3,8,15.7,13,16.2,21.8,23,24.2,23.9,22.3,20,13.3,13.2,78,88,89,89,86,79,83,83,85,82,73,81,28,62,45,51,58,46,50,53,55,38,32,47,100,72,45,73,154,188,172,183,136,124,136,93
2010,Nam_Dinh,33.1,49.6,62.7,43.2,68.9,119.7,118.5,60.7,67.6,114.5,97.7,65,113.8,7.5,8.6,42.3,189.9,122.5,311.5,428.2,174.1,56.2,0,6.8,37,4,6,7,121,57,143,85,60,18,0,3,14,10,8,19,17,10,13,24,10,10,0,4,17.7,20.4,21.5,23.1,28.3,30.5,30.4,28.1,28.2,24.9,22,19.6,20,24,24.8,26.4,32.2,35.1,34.6,31.6,31.8,28.7,26.1,23.5,15.8,18.1,19.4,21.1,25.7,27.7,27.5,25.9,25.7,22.3,19.1,16.8,26.9,35.4,31.2,31.2,37,38.8,39,34,35.5,33.2,29.5,27,11.4,9.4,13.6,14.2,22.5,24.4,24.1,23.5,22.6,14.2,15.3,10.5,89,85,83,90,85,78,80,87,85,77,76,81,51,25,42,62,54,46,39,66,55,32,33,40,33,87,48,58,155,164,221,125,141,118,78,72
2011,Nam_Dinh,62,36,41,55,78,84,89,71,60,58,71,84,6,13,83,38,180,213,288,285,478,147,22,13,2,4,29,18,101,76,107,63,127,42,6,6,15,8,15,14,12,11,15,19,21,16,8,9,12.5,17.2,16.5,23.1,26.7,29.6,29.6,28.9,27.1,24,23.3,17,14.7,20.3,19,26.6,30.8,33.5,33.4,32.3,30.6,27.2,27.4,20.3,10.8,15.5,14.6,21,24,26.8,26.9,26.3,24.7,21.9,20.8,14.5,20.2,27,25.2,30.7,35.5,35.7,38.2,36.6,36.1,32.6,31.2,23.7,7.1,10.6,8.2,16.3,20.3,25,24,24.1,21.1,18.5,18.1,9.5,76,86,86,84,82,81,79,83,85,85,81,73,37,53,52,48,51,58,47,51,50,53,44,27,70,39,16,56,160,159,191,180,94,66,91,68
2012,Nam_Dinh,27,26,37,66,77,101,94,69,72,80,56,45,41,23,23,102,167,209,264,328,320,174,78,36,8,5,5,66,33,76,76,102,107,67,24,30,21,18,19,12,20,13,15,19,14,9,14,21,14,16,19.7,25.4,28.6,30,29.7,28.7,27.2,26.1,23.1,18.9,15.7,18.6,22.1,29.4,32.6,34.2,33.6,32.7,30.8,30,26.9,22.6,12.5,14.3,17.9,23.1,25.9,27.2,27.1,26.3,24.8,23.7,20.7,17.1,21,24.9,27.9,36.7,38,38.5,37.5,36.3,33.5,32.2,33.4,29.5,7.9,9.2,12.6,19.1,22.9,23.7,24.6,24,21.7,20.3,14.1,12.6,92,91,89,85,84,79,81,85,84,82,87,85,66,65,47,47,40,45,51,60,42,44,43,43,5,11,12,108,173,119,176,158,131,108,110,43
2013,Nam_Dinh,34,33,54,55,100,112,75,83,46,100,67,78,16,29,24,39,141,152,424,333,379,116,91,15,5,6,10,25,41,61,90,93,69,53,39,9,16,14,15,11,19,10,19,19,22,9,6,6,15.1,19.5,23.1,24.3,28.5,29.3,28.5,28.8,26.4,23.8,22.1,15.5,17.4,22.5,26.1,27.6,33,33.6,32,32.6,29.6,29.1,25,20,13.4,17.6,21.3,22.2,25.6,26.4,26.1,26.1,24.1,22.2,19.9,12.3,23.8,27.2,30,32.2,39.7,38.8,34.5,35.6,34.3,32.8,30.7,25,8.5,12.4,13.9,15.8,21,23,23.4,23.9,20.6,18.5,14.6,7.2,87,90,87,88,83,79,86,85,88,79,81,77,54,60,56,55,45,46,61,60,51,34,43,37,13,42,46,71,176,169,131,154,90,123,39,155
2014,Nam_Dinh,67,24,22,44,105,100,80,72,80,93,61,82,1,22,86,143,169,219,274,246,288,184,67,21,1,5,21,104,69,69,45,55,130,98,20,10,3,19,26,23,12,16,17,23,12,12,8,8,17.2,16.9,19.5,25.1,28.6,29.9,29.5,28.6,28.8,26.3,22.7,16.9,21.4,19.2,21.9,27.6,33.1,34.1,33.1,32,32.4,30.4,26.2,20.4,14.4,15.2,18,23.5,25.5,27.1,26.8,26.2,26.2,23.5,20.5,14.4,25,26,28.5,30.8,36.7,37.9,36.6,36.7,34.2,34.7,31,25.6,9.1,8,13.4,19.2,19,24.2,24.1,24.1,23.9,21,16.8,10,79,87,94,90,81,82,83,85,83,79,86,75,30,50,72,73,48,51,54,53,51,42,56,34,117,28,14,11,191,151,136,117,187,137,89,93
2015,Nam_Dinh,65,36,35,76,122,134,121,104,63,96,73,54,24,54,61,19,88,146,114,272,349,81,101,43,19,47,11,10,54,85,28,96,87,28,29,9,9,12,20,8,8,13,16,10,16,6,14,13,17.5,18.8,21.6,24.5,30,30.8,29.5,29.6,28.1,26.3,24.4,18,21.4,21.2,23.7,28.2,34.4,35.2,33.3,33.5,31.6,30.6,28,21.4,15,17.2,19.8,22,27.1,27.9,27.2,27.1,25.8,23.8,22.2,16,25.5,27.1,29.6,35.7,39,39,39.3,37.6,35.6,34,32.8,30.6,9.2,10.3,14.9,16,23.5,23.9,23.8,24,21.5,19,15.2,12.4,83,87,91,83,79,76,77,79,86,79,84,84,46,53,70,36,43,41,42,46,56,46,52,47,114,16,26,131,235,227,137,192,136,157,107,50
2016,Nam_Dinh,38,74,22,48,94,123,103,84,89,92.6,80,87,179,9,86,138,117,92,297,446,221,78,8,2,78,4,21,53,53,30,162,97,91,34,5,2,17,7,26,13,12,12,11,13,12,14,5,2,17,16.3,19.5,24.9,28.4,30.7,30.3,29.2,28.5,27.1,22.8,20.5,19.3,20.1,21.9,28,32.1,35.2,34.3,33.1,32.2,31.1,26.9,24.6,15.3,13.6,17.8,23,26.1,27.9,27.4,26.2,25.9,24.4,20.2,17.8,28,34,28.5,32.5,36.2,38,38,37,36.5,33.7,31.7,28.6,5.1,9.4,13.2,20,22.5,25.6,22.2,23.9,23,20,14.1,12,88,75,94,88,82,77,79,84,82,80,79,75,44,30,72,56,43,43,48,51,49,49,41,32,33,100,14,46,155,221,176,132,118,147,98,96
2017,Nam_Dinh,49,61,41,68,93,111,82,77,71,71,71,67,43,9,84,136,78,251,393,376,389,502,23,35,26,5,19,115,33,73,106,58,98,197,11,16,10,4,19,9,10,15,18,16,17,18,9,10,19.2,19.4,21.2,24.4,27.1,29.8,28.9,29.1,28.7,25.1,21.8,17.5,22.5,22.9,24,28.5,31.2,34.2,32.6,32.9,32.8,28.7,25.2,20.6,17,17.2,19.3,21.9,24.6,26.9,26.2,26.5,25.9,22.7,19.2,15.3,28.4,28,28.3,36,34.5,40.2,38,37,35.2,32.5,32,25.1,11.6,12.8,15,17.2,21.4,24.2,22.9,23,24.1,18.1,13,9,84,79,89,88,82,80,84,85,87,83,78,77,54,40,46,52,37,41,56,49,58,42,42,27,47,70,26,94,152,141,100,114,147,85,68,79
2018,Nam_Dinh,43,54,55,60,98,128,99,58,71,73,59,55,14,11,41,102,165,87,510,376,188,226,6,111,8,4,15,40,47,57,74,53,76,72,4,27,10,8,8,9,12,7,21,21,9,9,2,9,17.7,17,21.8,23.7,28.8,30.4,29.3,28.4,28.1,25.5,23.6,19.1,20.3,19.8,25.5,27,33.2,34.6,33.2,32.6,31.9,29.4,27.9,22.7,15.7,15,19.5,21.4,26,27.5,26.8,26,25.4,22.8,21.2,17,27,24.7,30,30.3,36.1,37,40,37.4,35.7,32.7,31.2,30.2,8,10.5,14,10.6,23.2,24.1,24.5,24.6,23,19.3,15.6,8.2,84,78,85,86,82,75,82,87,82,82,82,86,35,25,40,44,51,44,41,57,49,38,32,51,26,43,91,80,244,174,125,98,144,146,136,97
2019,Nam_Dinh,43,47,43,68,75,125,136,76,101,72,86,63,18,12,39,97,159,101,72,384,143,151,43,1,7,11,16,36,44,33,17,140,44,45,23,1,7,3,12,12,15,8,13,18,9,15,6,6,17.6,21.9,22,26.8,27.7,31.3,30.8,28.9,28.4,25.8,22.7,19,20.7,25.5,25.3,30.5,31.3,35.8,35,32.9,33.1,30,26.9,24,15.5,19.9,19.9,24.6,25.4,28.2,28,26.7,25.5,23.1,19.9,16.2,27.2,30.2,30.2,37.7,40,39,38.7,37.7,35.7,33.6,30.4,29,10.4,12.5,15.5,20.6,21,23,24.5,23.6,23,17.6,17,10,86,88,89,86,85,77,76,85,78,84,81,77,55,61,53,49,41,45,47,53,38,40,40,35,29,87,42,106,127,111,166,145,194,176,130,145
2020,Nam_Dinh,53,45,47,46,93,146,119,70,75,84,77,74,142,24,87,45,68,44,92,408,262,404,72,8,119,9,48,13,51,35,42,101,69,116,57,6,10,12,16,14,5,4,8,20,13,17,5,5,20,20,23,22,29,32,31,29,29,24,23,18,23,23.2,25.8,25.2,33.5,36.4,35.2,32.6,32.8,27.5,27.1,21.8,17.2,17.6,20.9,19.7,26.6,28.5,28.2,26.3,26.5,21.8,20.3,15.6,29.2,28,34.5,30.6,40,38.5,38.5,37.5,36.6,32,30,27.6,11.5,13.5,15.4,15,23.2,24,25,23.2,22.5,18.5,15.6,10.2,84,87,89,87,80,72,77,86,84,80,78,75,39,41,55,47,45,41,45,55,55,36,36,33,67,61,47,50,183,258,244,149,133,92,124,82
2000,Thai_Binh,59.4,41.8,33.5,40.4,61.9,86.8,99.3,64.6,55,69.4,94.3,88,1.5,8.8,43.3,27.6,196.7,147.7,167.6,130.5,324.9,58,3.7,0.7,1.2,2.9,17.2,14.3,91.4,62.2,42.2,45.2,76.8,17.6,1.3,0.2,1,7,16,9,18,12,18,16,18,11,5,1,17.4,15.8,19.1,24.1,26.2,27.6,28.9,28.5,26,24.1,20.3,19.3,20.3,18.4,21.9,27.6,29.9,31.2,32.6,32.2,29.7,28.2,25.1,23.8,15.6,14.2,17.2,22.1,24,25,26.1,26,23.5,21.8,17,16.6,26.5,26.5,28.6,34.5,35,33.3,35.1,35.9,33.9,30,29,26.8,9.9,7.8,9.5,18.8,18.9,21.2,22.2,23.2,20.7,16.9,12.2,11.1,85,89,93,91,89,86,85,90,91,88,82,79,50,78,51,48,53,53,54,62,52,46,35,36,42.8,26,46.3,115.4,158.2,189.1,210.5,182.5,142.6,150.8,158.8,97.4
2001,Thai_Binh,46.9,38.7,32.8,29.8,50.9,69.4,89.2,54.3,54.4,61.2,82.1,44.6,11.3,26.4,102.6,33,434.6,158.9,333.8,405.4,240.2,296.9,52.4,49.9,2.8,8.4,27.4,10.1,106.5,43.5,80.1,85.3,107.6,115.1,30.3,10.5,12,14,18,16,16,16,16,18,12,18,6,12,17.7,16.8,20.2,23.2,25.9,28.2,29,28,26.9,25.1,20.2,16.8,21,19.2,22.7,26.2,29.8,32.2,32.5,31.3,31,29.1,25.5,20.3,15.7,15.1,18.5,21.3,23.3,25.5,26.1,25.9,24.4,22.6,16.8,14.4,27,25,28.8,33,35.4,36.5,36,34.8,34.5,32,31.2,28.1,10.5,11.5,13,15,21.4,21.8,23,23.5,22.3,20.1,12.3,8.5,89,89,93,94,89,87,85,91,89,89,81,88,47,50,61,64,54,46,53,60,50,54,41,37,47.3,39.8,54.4,73.7,158.8,167.5,172.3,170,182.2,121.1,194.5,71.5
2002,Thai_Binh,45.2,24.4,40.1,37.2,58.5,85.6,113,66.8,99,89,78.6,55.6,11.5,17.4,14.2,73.5,308.2,73.9,294.7,192.9,62.7,231.2,69.9,97.7,6,4,3,40,124,41,81,60,26,81,23,46,7,18,14,10,18,9,16,13,15,12,12,9,16.6,18.4,21.3,24.5,27.5,29.2,29.1,27.7,26.6,24.2,20.5,18.5,20.6,20.6,23.9,27.6,30,33.1,32.6,31.5,30.8,28.7,24,21.4,14.2,17,19.7,22.5,24.2,26.5,26.6,25.1,24,21.2,18.1,16.5,26.4,25.3,27,30.7,34.6,35.7,36.4,34,33.2,32,31.4,29.3,8.9,11.4,14.6,15.1,21,23,23.3,23,21.2,16.6,12.8,6.8,85,92,90,91,89,83,83,88,86,81,86,89,41,56,49,52,54,50,56,60,57,35,37,51,93,22,30,121,180,183,122,176,166,154,92,63
2003,Thai_Binh,71.8,56.3,63.3,68.7,83.1,123.7,110.4,50.7,53.9,95,105.5,108.4,52.2,14.7,26.4,6.4,140.4,95.2,152,392.2,963.7,55.4,2.7,4.8,32,7,13,2,44,35,82,84,512,54,1,4,7,9,9,12,14,10,9,18,16,3,2,3,16.3,19.9,21,25,27.9,29.6,29.6,28.4,26.6,25,22.7,17.6,19.9,22.8,23.9,28.1,31.5,33.4,32.4,31.7,30.2,29.7,27.2,22.2,13.6,17.9,19.1,22.7,25.4,26.6,27.3,25.9,24.4,21.9,19.6,14.2,25.4,27.4,33.7,32.5,35.7,37.5,35.2,34.6,33.6,32.5,31.3,25.6,7,11.6,13.9,18.2,19.5,23.9,25.1,24,22,18.8,13.5,8.4,85,90,88,89,88,79,85,90,90,83,82,80,44,47,44,57,52,50,59,59,51,39,45,34,102,68,66,141,200,182,291,142,147,173,135,109
2004,Thai_Binh,61.3,43.3,60,55.8,67.2,114.8,103.6,55.3,48.7,97.3,91.2,98.2,15.6,48.4,31.2,59.1,71,158.7,418.7,232,193.2,25.7,25.6,31.1,4,14,5,18,20,55,104,71,65,12,9,17,10,14,14,16,14,10,15,17,13,4,5,5,16.6,17.1,19.8,23.4,25.6,28.4,28.6,28.5,26.9,24.2,21.8,18.3,19.5,20.2,22.2,26.5,28.9,32.7,31.4,31.9,30.6,29.2,26.1,23.1,14.3,14.9,18.1,21.3,23.2,25.5,26.6,26,24.5,21,18.7,14.8,26.5,24.5,30.5,29.4,33.5,37.5,37.9,35,33.5,31.8,31.3,27,8.4,8,14.6,16,18.4,21.2,23,22.8,22.2,19.2,13.7,8.6,87,92,91,90,87,82,82,88,89,82,85,82,44,48,52,62,65,49,55,62,56,41,44,38,33,62,45,72,163,223,101,173,130,134,127,140
2005,Thai_Binh,71,30.7,55.3,44,71.2,124.4,111.6,58.4,63.3,78.7,73.3,90.6,7.7,29,24.4,31.3,108.7,142.3,462.3,350,417.7,98,348.8,13.2,4,4,8,9,56,49,103,109,133,81,290,6,5,19,16,13,13,9,12,16,14,8,7,8,15.8,17.4,18.5,23.1,28,29.5,29.3,28.1,27.5,25.1,22.1,16.4,18.8,19.6,21.1,25.8,31.5,33.3,32.2,31.2,31.1,29.3,25.6,19.9,13.8,16.1,16.8,21.2,25.8,27,26.9,26,25,22.7,19.8,13.9,25.2,24.8,27,31.5,36.2,36.7,36.2,34,33.7,33,30.6,28,7.2,10.5,11.2,17.2,23.4,24,24.3,23.5,20.5,17.9,13.5,8.4,86,91,89,91,88,83,83,88,88,83,84,78,39,66,48,62,59,47,56,64,59,48,47,31,27,1,25,89,219,144,231,146,155,120,133,61
2006,Thai_Binh,77.4,35.8,40.2,62.2,74.2,95.6,121.3,64.8,96.1,79.6,92.9,96.5,7,37.1,23.3,32.1,158.8,140.4,266.3,473.8,123.8,75.3,99.9,1,4,17,3,21,46,26,108,126,44,45,60,1,6,17,22,12,13,13,14,21,12,9,7,2,17.5,18.1,19.3,24.2,26.2,29.1,29.4,27.4,26.6,26,24,17.7,20.8,20.2,21.7,27.7,30,32.8,32.7,30.6,30.6,30.3,28.4,22,15.4,16.5,17.7,22,24,26.2,26.9,25.1,23.8,23.2,20.8,14.7,26.9,25.2,25.5,32.5,32.8,36.3,36.7,34,34.5,32,31.7,27.6,9.6,12.3,10.6,14.6,18.4,23,23.7,23.6,19.2,21.3,17,9.7,83,90,90,88,84,84,81,89,84,85,83,79,49,76,46,53,46,52,54,64,48,50,34,33,71,15,17,122,190,178,172,116,185,138,159,89
2007,Thai_Binh,69.2,47.4,28.3,51.4,70.2,118.4,133.8,65.1,66.6,81.2,145.2,63.6,12,44.4,30.5,69.5,134.4,72.9,81.8,271.6,315,107.6,8.5,56.6,5,26,5,35,73,25,30,65,66,26,8,29,6,8,20,9,15,8,10,17,20,11,2,5,16.2,20.6,20.2,22.3,26,29.7,30,28.1,26.2,24.8,20.2,19.9,19.3,23.5,22.5,25.5,30.2,33.3,33,31.3,29.7,28.7,25.6,23.1,13.6,18.6,19,20,22.9,27,27.4,25.6,23.9,22,16.4,17.6,24,26.5,26.8,31.8,36,37.9,36.5,34.8,32.9,32,28.8,27.5,9.4,10.3,11.7,14.1,18.8,24.2,25.2,23.5,21,18.5,11,12.8,80,84,73,86,89,93,88,87,81,81,88,88,30,30,63,52,53,51,53,60,74,42,23,52,58,40,6,74,151,232,266,121,126,119,176,36
2008,Thai_Binh,57.4,71.1,51.8,46.8,67.5,61.1,108.1,74.7,56.6,82.8,95.6,85.1,105.8,15.9,15.7,12.1,90,241.4,128.5,170.1,436.3,74.6,193,20.6,31,5,8,8,29,46,44,37,93,25,98,15,12,12,8,5,8,19,12,16,19,11,7,5,15,13.3,20,23.8,26.4,28,29,28.3,27.1,25.9,21.2,17.6,18.1,15.5,23.4,26.6,30.1,31.8,32.5,31.4,30.7,29.6,24.9,22,12.5,11.4,17.9,22.2,24.1,25.6,27.1,25.9,24.7,23.6,18.5,14.6,26.5,25.5,28,31.8,35.4,35.7,35.3,34.8,33.7,32,29.5,26,7.1,6.2,9.5,17.6,19.3,23.5,23.5,23.1,22.5,21,11.8,10.8,87,80,89,91,88,88,82,89,90,87,80,80,34,46,40,60,59,57,58,62,60,53,35,38,66,29,65,84,183,107,165,151,126,118,169,115
2009,Thai_Binh,82.3,34.8,33.1,37.8,61.4,127.6,99.5,79.1,67.6,93.8,136.8,84,2.6,1.1,112,241.2,120.3,73.1,294.6,147.8,376.7,59.2,0.9,24.2,3,1,63,114,62,45,110,34,115,18,1,23,1,3,17,13,13,6,13,11,13,11,2,4,15.4,21.4,20.4,23.3,26.1,29.6,29.4,28.9,27.6,25.4,20.8,19.1,19.3,24.5,22.6,26,29.2,33.6,32.4,32.4,31.3,28.7,25.3,22.9,12.8,19.6,18.4,20.8,24,26.5,26.8,26.2,24.9,22.7,17.9,16.5,24,30.2,28.7,34,32.6,37.5,36.6,35,35.8,32.7,31,28.4,8,14.5,13.2,16.2,21.7,23,24,23.5,22.8,20,11.9,11.5,80,91,91,92,89,81,84,87,88,86,77,83,31,83,47,49,58,47,58,56,52,41,39,45,115,75,40,63,163,197,203,183,143,144,138,80
2010,Thai_Binh,34,51.3,55.2,31.1,69.4,139.6,144.6,61.4,61.6,134,111.7,86.3,136,11.6,17.5,43.1,74.9,123.1,222.1,381.2,160.9,79.8,7.1,9.2,63,3,14,17,59,39,100,76,57,19,7,4,15,13,8,19,6,11,15,26,9,13,3,4,17.4,19.8,20.8,22.4,27.4,30,30.1,27.7,27.5,24.4,21.5,19.2,20.3,22.8,23.6,25.2,30.6,34.1,33.4,30.9,31.3,28.6,25.9,23.4,15.6,17.9,18.9,20.6,25.3,27.1,27.3,25.6,24.7,21.6,18.5,16.2,25.5,34.6,28.9,29.5,35,38.3,37.4,33.6,35.5,32.4,29.2,26.7,11.5,9.2,12.8,14.4,21.9,23,23.5,23.3,22,13.7,14.1,8.8,91,89,88,94,91,81,81,90,89,80,77,82,52,30,45,64,62,46,45,66,56,35,30,38,36,75,43,54,159,161,244,131,145,130,85,85
2011,Thai_Binh,75,34,46,55,71,65,103,77,56,67,81,90,9,7,88,18,140,261,229,175,718,62,32,27,3,3,27,7,70,81,60,46,195,12,11,8,8,13,19,7,10,11,14,17,19,14,4,7,12.4,16.8,16.4,22.6,26,28.8,29.3,28.4,26.7,23.6,22.9,16.8,14.8,19.5,18.6,25.7,29.7,32.4,32.6,31.7,30,27.1,27.3,20.3,10.8,15.2,14.7,20.5,23.5,26.1,26.6,25.8,24,21.2,20.1,14.2,20.4,24.8,24,29.8,34.4,35.8,37.3,35.7,35.5,32,30.7,24,7.2,10.4,8.4,16.2,20.5,23.7,24.2,23.7,20.9,18,17.3,8.4,79,89,88,89,87,87,87,88,89,88,84,76,46,57,54,51,55,61,49,52,52,47,45,34,7,44,19,76,168,187,208,190,133,90,122,74
2012,Thai_Binh,27,24,38,50,57,108,110,60,62,84,55,53,28,21,22,77,284,142,254,367,503,576,22,18,8,4,4,40,76,39,71,129,78,305,8,10,21,14,18,5,14,14,14,14,13,13,11,12,14.4,15.8,19.3,24.7,27.9,29.4,29.5,28.4,26.7,25.4,23,18.8,16.2,18.1,21.3,27.8,31.3,33.2,32.7,32.2,29.9,29.4,26.3,22,13,14.3,17.6,22.6,25.4,26.5,26.7,25.8,24,22.7,20.4,16.9,21.1,24,25.5,34.5,34.6,37.6,36.7,35.7,32.8,31.1,30.7,29.6,8.2,9.7,12.5,18.5,23,23.4,23.4,23.7,20.7,20.7,14.2,10.5,91,91,90,90,88,81,82,87,87,86,88,86,79,81,46,54,63,48,51,52,48,51,45,41,2,10,12,99,190,132,206,174,155,138,107,43
2013,Thai_Binh,39,33,55,49,78,112,76,70,57,111,64,77,13,19,5,27,217,74,288,372,394,94,74,24,4,5,2,21,73,20,74,104,75,67,40,12,17,11,6,9,16,11,25,14,15,7,10,5,15.1,19.4,22.8,24,28,28.9,28.5,28.5,26.3,24.7,21.9,15,19.5,21.7,25.2,26.8,31.6,32.6,31.4,32,29.5,29.1,25.1,20,13.2,17.5,20.9,21.9,25.2,26.2,26.1,25.7,23.9,21.8,19.7,11.5,24,26.7,28.5,33.7,38.2,37.4,33.5,35.2,33.8,33.4,31.2,25,8.8,12.8,14.3,15.8,21.1,21.9,23,23.4,20,17.2,14.5,7,88,92,89,90,87,81,87,88,89,80,83,81,53,71,55,57,51,66,60,60,54,34,38,36,14,34,43,73,180,167,143,158,103,134,53,172
2014,Thai_Binh,70.9,27,19,42,76.9,84,87,60,64,82,50,76,0,37,75,97,115,185,175,352,191,245,69,25,0,7,20,67,34,51,54,72,137,82,40,7,0,20,26,7,12,13,16,19,13,12,11,9,16.6,16.6,19.2,24.7,27.8,29.4,29.4,28.2,28.1,25.7,22.5,16.7,21.2,18.8,21.3,27,31.3,33.3,32.6,31.4,31.9,30.1,26,20.2,13.4,15.1,17.7,23.5,25.1,26.7,26.9,25.7,25.5,22.8,20.1,14.1,24.5,25,27.2,29.4,35.2,36.7,35.5,35.2,33.5,33.7,30.2,24.8,7.7,7.9,13.3,19.4,19.6,25,24.4,23.4,22.8,20,16.5,9.2,82,88,94,91,87,84,84,88,87,83,88,78,32,46,80,76,55,50,56,60,50,40,57,32,128,30,7,11,205,164,159,123,202,140,88,31
2015,Thai_Binh,56,34,31,60,82,103,120,83,50,78,55,59,25,39,24,22,19,304,157,291,442,75,280,44,19,33,9,10,6,182,48,111,142,26,124,10,6,13,13,6,9,12,10,10,16,7,15,16,17,18.7,21.4,24.1,29.2,30.3,29.3,29.2,27.7,25.5,24.1,18.3,21,20.9,23.3,27.4,32.5,33.8,32.5,32.6,30.8,29.9,27.3,21.2,14.3,17.1,20,21.6,26.7,27.6,27,26.7,25.4,22.7,22,16.2,24.5,25.8,27.8,34,36.5,37.5,38.7,36,34.7,33.7,31.4,29.1,8.9,10.5,15.5,16.2,23,23.4,23.9,24,21.8,18.9,14.5,12.2,85,89,93,88,85,81,79,84,90,83,86,84,47,51,75,42,74,42,43,53,55,43,48,47,98,15,18,136,228,245,139,209,142,148,96,55
2016,Thai_Binh,34.5,65.1,34.9,34,71,106,107,67,71,98,84.9,89.2,179,10,37,188,41,146,447,396,267,134,10,2,83,4,28,69,21,33,199,74,77,51,3,1,18,7,15,15,6,10,10,18,11,11,10,4,16.8,16,19.2,24.4,27.8,30,29.9,28.7,28,26.5,22.4,20.1,19.3,19.5,21.7,27.1,30.7,34,33.2,32.2,31.8,30.6,26.5,24.3,15.1,13.5,17.5,22.5,25.7,27.1,27.3,26,25.5,23.8,19.7,17.6,27.2,32.5,25.6,30.7,35,37.3,36.7,36,35.8,33.1,30.6,28.9,5.1,9.9,13.6,19.5,21.5,24,23,23.5,23.1,20,13.7,12,88,78,89,90,86,81,82,86,85,82,81,77,49,33,50,60,50,47,50,56,53,48,43,32,39,99,24,61,181,233,195,149,137,168,114,105
2017,Thai_Binh,59.7,75,41,55,74,110,83,66,42,69,85,85,29,6,81,78,85,238,266,318,262,359,46,21,17,2,29,68,51,70,46,87,50,93,34,8,10,5,21,7,8,15,19,16,16,16,12,8,19.3,19.2,21,23.9,26.7,29.5,29,28.9,28.6,25.1,21.5,17.3,22.3,22.6,23.4,27.3,30.2,33.2,32.1,32.1,32.2,28.8,25,20.7,17,17.2,19.2,21.5,24.1,26.4,26.4,26.3,25.8,22.5,19.2,15.2,27.5,26.5,27,33.7,32.6,39,37.3,35.9,34.5,32.4,30.9,25.5,11.3,12.9,15.5,17.2,20.9,24,24.4,23.8,24.1,18,12.5,8.5,85,81,90,88,87,83,85,87,89,84,80,80,56,45,45,45,44,43,51,55,60,44,34,29,59,73,30,98,177,159,119,133,159,111,63,78
2018,Thai_Binh,48,61,50,46,62,99,75,45,53,63,61,42,21,13.3,53,103,113,57,523,289,237,209,15,64,4,5,27,45,29,22,85,45,64,106,10,25,14,8,10,10,9,9,23,19,10,10,5,9,17.4,16.8,21.2,23.3,28.2,29.7,28.8,28.2,27.7,25,23.4,19,19.8,19.3,24.3,26.2,31.7,33.6,32.4,32.1,31.1,29,27.6,22.4,15.6,15,19.2,21.3,25.6,27.1,26.3,26,24.9,22.4,20.8,16.8,24.5,23.5,27.3,29.7,35.5,36.5,38.4,36.4,34.4,31.8,30.6,30,8.4,10.4,13.7,15.2,22.7,24.5,24.5,24.5,22.2,19.9,15.6,8.5,86,80,88,89,83,78,83,87,86,83,83,88,42,30,49,44,48,48,44,50,53,36,30,53,22,36,90,78,259,172,138,116,174,155,151,88
2019,Thai_Binh,44,37,26,57,65,125,122,68,94,79,81,89,18,23,51,44,173,78,99,267,114,107,22,2,5,20,22,15,59,34,37,60,49,51,16,1,8,8,14,8,16,7,14,17,10,13,4,3,17.6,21.4,21.7,26.3,27.3,30.9,30.6,29,28.1,25.7,22.5,18.9,20.4,24.2,24.3,29.4,30.3,34.5,34.2,32.7,32.4,29.8,26.9,23.5,15.9,19.6,20.8,24.3,25.1,28,27.7,26.4,25.1,22.9,19.6,15.8,25.6,28.4,28.8,34.3,37,38.2,37.4,36.5,34.7,32.6,29.6,27.6,10,13.1,15.7,20.7,21.6,23.2,24.6,24.7,22.2,17.7,17,9.5,88,92,93,90,89,79,80,86,81,84,82,77,59,65,57,64,54,44,48,53,37,31,39,25,37,78,28,92,130,193,182,145,208,140,130,145
2020,Thai_Binh,50,39,31,43,83,158,130,62,58,100,70,71,120,16,50,30,26,96,55,497,140,376,80,7,99,4,31,7,19,44,28,121,37,179,74,4,12,10,16,14,6,4,6,18,17,17,3,6,19,20,23,22,29,31,31,28,28,24,23,18,22.4,22.5,25,24.8,32.1,34.4,34,31.7,31.8,27.3,26.5,21.2,17,17.6,20.8,19.8,25.6,28.1,28,25.9,25.9,21.6,20,15.4,28,26.8,32.2,29.8,37.7,37.4,37.3,35.5,35.2,31.4,29,26.6,12.1,14,15.3,15.1,23,23.8,24.8,23,23,18.3,16,10,86,87,90,87,84,78,80,89,89,82,82,79,43,41,65,49,56,47,51,62,56,32,37,36,62,52,38,48,211,260,261,158,135,89,107,84
2000,Ha_Nam,64.2,46.3,33.2,53,76.8,108.3,114.8,87.1,80.4,77.15,104.6,93.7,2.9,13.2,51.4,65.2,152.7,74.35,166.3,260.65,435.85,146.15,5.05,2.05,1.7,3.7,15.8,40.2,53.2,33.6,56.5,74.3,197.3,73.7,3,2.2,8,17,19,19,16,13,15,18,20,13,5,2,17.85,16,19,24.2,26.65,28.25,29.3,28.7,26.6,24.8,21.05,19.85,20.35,18.5,21.35,27.15,29.95,31.35,32.5,31.95,29.85,28.15,25,23.45,16.15,14.5,17.4,22.25,24.4,25.8,26.55,26.1,23.95,22.75,18.05,17.4,27.8,26.1,29.6,33.6,35.7,35.1,36,35.4,33.3,33.2,28.7,27.7,8.9,7.7,9.6,18,18.6,21.3,22.8,22.9,20.4,17.7,12.6,11.5,85,87,92.5,90,87.5,83.5,82.5,86.5,86.5,86.5,78.5,79.5,51,51,55,55,54,55,51,54,43,44,35,40,53.4,35.15,44.55,108,163.85,161.35,216.95,172.5,146.05,146,160.2,101.25
2001,Ha_Nam,51.8,42.9,45.65,40.45,72.5,78.75,96.45,79,74.25,80.85,98.15,47.6,24.3,23.85,121.9,25.5,289.45,175.9,317.9,353.4,205.2,410.8,31.65,55.35,4.9,8.7,32,9.9,81.6,79.1,85.6,73.3,81.2,200.2,17.1,18.2,12,17,21,14,17,18,20,22,14,17,6,13,18,16.95,20.4,23.5,26.4,28.6,29.2,28.3,27.4,25.55,20.65,17.3,20.85,19.3,22.7,26.2,29.6,31.65,32.4,31.05,30.45,28.75,25.15,20.25,16.05,15.25,18.75,21.75,23.9,25.95,26.35,25.9,24.95,23.25,17.45,15,29.6,25.3,30.1,35.1,35.7,36.1,37,34.8,33.8,32.6,30.7,28.6,10.4,11.2,13.2,15.5,21.4,22.4,23.9,23.8,22.9,20.6,12.3,8.1,85.5,88,90.5,92,86.5,86.5,84.5,87,86,86.5,79.5,84.5,41,47,55,59,51,54,56,60,50,59,39,43,58.75,38.85,62.75,67.95,151.45,167.3,176.6,173.75,159.25,115.25,197.15,77.45
2002,Ha_Nam,59.15,32.7,54.6,59.75,81.15,91,96.75,81.3,95.05,92.1,74.55,51.85,4.55,23.35,17.3,63.15,488.3,166.6,226.5,298.9,158.4,235.95,66.1,62.75,3,11.6,5.5,63.2,175,77.2,109,160,51,145,37.3,41.7,7,16,18,9,17,19,17,15,17,14,10,12,17.15,18.45,21.5,25,27.25,29.25,28.95,28,26.85,24.65,20.85,18.65,20.3,20.45,23.95,27.75,30.4,32.45,32.15,31.3,30.5,28.45,23.8,21.15,14.85,17.05,19.8,22.95,24.8,26.75,26.55,25.45,24.3,22.15,18.55,16.95,26.5,25.4,28.1,31.2,36.1,35.2,36.5,34.3,33.5,33.9,31.5,29.8,10.2,10.4,15.1,16.4,20.8,23.8,23.6,22.9,21.1,17,13.3,7,85,92,89,89,86,84.5,84,86,83.5,84.5,84.5,86.5,41,69,30,53,59,59,52,58,53,34,31,48,90,27,36.5,118,163,161.5,113.5,170.5,151.5,155.5,100,57.5
2003,Ha_Nam,60.5,45.5,68.65,62.35,91.35,125.35,115.25,78.85,72.6,114.95,102.25,94.85,36.8,20.15,23.25,33.05,143.9,128.05,158.25,309.7,714.95,47.3,4.7,2.35,17,14.6,11,40.4,97.6,55,84.7,72,324,42,6,3.8,9,8,13,9,13,11,11,23,14,6,2,2,16.45,20,21.1,25.15,28.4,29.7,29.75,28.7,27.2,25.65,23.1,18.05,19.55,22.55,23.8,28.35,31.85,33.05,32.65,31.8,30.25,29.35,26.9,21.7,14,18.25,19.35,23.2,26.1,27.15,27.45,26.15,24.95,22.95,20.35,15,26.5,27.6,35.7,34.7,37.5,37.1,35.5,35,33.9,34,31,27.6,7.1,10.9,13.1,18.8,19.8,23.8,24.4,23.5,22.6,19,13.3,9.4,84.5,90,85.5,88.5,85.5,79.5,83,87.5,87.5,80.5,80,77,41,42,28,56,45,46,55,59,54,47,40,27,115,70.5,67.5,126.5,194.5,177.5,267,132,139.5,170.5,131.5,100
2004,Ha_Nam,57.55,48.25,57.85,54.6,78.15,119.45,54.85,77.95,77.9,115.55,99.3,93.4,12.15,44.75,31.1,58.15,154.85,142.3,251.5,210.35,189.7,19.9,41.55,67.95,6,19,9.3,19.1,47,114.9,84,104.9,76,14.1,32.2,105,9,14,18,16,16,10,15,17,12,6,7,7,16.9,17.2,19.85,23.6,25.95,28.8,28.65,28.6,27.35,24.85,22.4,18.9,19.45,20,22.15,26.25,29.4,32.4,31,31.9,30.9,29.05,26.25,23,15,15.25,18.25,21.25,23.6,26.3,26.2,26.2,24.85,21.85,19.65,15.95,26.9,27.2,33.9,33,36,38.6,38.2,34.7,34.3,32,30.9,27.9,6.9,7.1,13.2,16.2,17.9,21,23.5,23.7,21.4,19.5,13.8,9.4,85.5,90,88,89.5,87.5,81.5,83.5,86.5,86.5,78.5,81.5,80,49,43,43,55,56,45,46,63,54,38,41,38,38,64.5,42,85,147,214.5,104.5,183,137,138.5,145.5,170.5
2005,Ha_Nam,60.7,32.2,50.3,51.6,85.9,120.5,122.6,83.85,88.6,104.35,73.65,87.15,8.75,24.9,22.3,26.75,70.4,99.75,227.9,355.25,487.3,31.35,241.1,30.4,7.8,10,7.5,19,36,72.9,77,186,141.8,19.1,232,35,12,20,19,13,15,11,18,23,17,10,8,7,16,17.5,18.4,23.1,28.35,30.1,29.35,28.35,27.6,25.6,22.45,16.85,18.5,19.4,21.05,25.9,31.95,33.55,32.6,31.45,31.1,28.9,25.45,19.85,14.3,16,16.75,20.65,26.05,27.5,26.95,25.9,25.3,22.85,20.2,14.7,25.6,26.4,27,34.7,35.8,38.1,35.5,34.6,34.3,33.4,31,28.2,6.7,10.3,10,16.4,23.2,24.7,24.3,23.9,23,18.2,13.7,9.2,85,91.5,88.5,90.5,86,79.5,82,87.5,86.5,82.5,85,77.5,40,56,48,57,56,45,56,59,58,41,45,29,37.5,8.5,32.5,84.5,211.5,136,220.5,133.5,123.5,124.5,134,59.5
2006,Ha_Nam,67.1,35.95,37.15,62.3,89.35,109.9,109.95,70.6,116.15,93.75,94.15,89.75,2.2,24.55,32.45,42.85,230.85,179.6,317.5,403.5,202.65,49.9,48.7,1.05,1.1,7,8.8,46,145,97.5,127,140,77,29.2,42,1.3,7,15,21,7,15,14,15,20,11,10,9,2,17.75,18.15,19.35,24.4,27,29.55,29.55,27.8,27.45,26.65,24.6,18.15,20.7,19.95,21.75,27.8,30.6,33.05,32.75,31,31.1,30.25,28.45,21.85,15.95,16.8,17.9,22.35,24.65,27.05,27.15,25.6,24.75,23.85,21.9,15.5,27.6,27,27,37,34.5,38,36.9,34.7,35.2,32.5,31.5,28.9,9.4,12.3,11,14.8,20,23.7,23.6,23.3,19.9,22,18.4,10.4,84,91.5,91.5,88.5,85.5,82.5,82,87.5,79.5,84,82,78,38,65,40,49,38,47,51,59,38,55,35,34,56.5,17,25,121,179.5,191,145.5,115,177.5,146,158,86.5
2007,Ha_Nam,89.3,46.45,29.45,64,88.35,112.2,110.9,73.15,109,89.3,116.5,61.55,3.7,34,41.45,42.2,209.3,62.15,236.55,325.6,209,214.9,8,9.25,2,41.9,17.4,17.6,94.6,26,166,86,57,128.2,10.6,5.2,5,11,18,9,16,15,12,18,15,13,4,7,16.55,20.95,20.6,22.6,26.35,29.7,30.05,28.55,26.85,25.25,20.75,20.3,19.45,23.65,22.8,26,29.95,33.2,33.2,31.85,30.25,28.7,25.15,23.05,14.55,19.2,19.15,20.55,23.3,27.35,27.6,26.1,24.5,22.8,17.5,18.55,25.7,28.2,30,35,37.8,39.2,36.4,35.7,33.6,32.4,28.7,28,9.1,10.6,11.4,13.4,19,23.9,24,23.2,21.4,19,11.8,13.5,77,83.5,74,85,89.5,93.5,87,85.5,83,81.5,86,85,31,32,57,55,46,39,54,50,33,39,29,45,59.5,55,8,80.5,154,224.5,244,123.5,130.5,110,165.5,38
2008,Ha_Nam,51.35,55.3,41.45,46.3,74.3,62.6,93.1,84,65.75,74.65,90.05,82.75,65.3,16.3,26.1,69.35,226.45,245.4,168.5,289.8,304.55,223.7,179.55,17.1,50,6,12,72,101,76.3,53.2,91,102.3,181.8,128.3,14.8,12,9,12,13,12,22,19,14,21,14,8,6,15.05,13.2,20,23.85,26.75,28.15,29.05,28.75,27.55,26,21.45,18,18.05,15.4,23.1,26.65,30.2,31.5,32.25,31.8,30.95,29.1,24.5,21.7,13.05,11.6,17.9,22.05,24.55,25.95,26.8,26.45,25.1,23.9,19.2,15.45,29,25.3,29.4,33.7,36.5,36.1,37,37.2,35.4,32.6,29.5,26,7.5,6.4,10,17.6,20,22.1,22.3,22.6,22,20.7,12.2,10.8,85.5,77.5,89,88.5,85.5,87,83,84,84.5,84,79,79,34,42,28,55,44,54,50,50,54,52,32,40,61,27.5,68.5,77,166.5,106,146,145,112.5,96.5,124.5,102
2009,Ha_Nam,80.8,38.85,43.3,50.85,72.35,115.3,95.55,93.8,92.55,96.7,113.05,76.05,8,5.95,70.1,101.15,334.9,64.9,322.35,185.15,385.1,80.2,2.85,20.2,5,4.8,26,34,127,43.5,105,78,115,32.9,4.6,16.1,6,9,18,16,19,11,17,11,16,10,3,8,15.7,21.45,20.3,23.6,26.5,29.8,29.35,29.25,28.1,26,21.3,19.7,18.85,24.3,22.9,26.55,29.45,33.1,32.45,32.75,31.55,29.7,25.2,22.8,13.4,19.65,18.5,21.85,24.5,27.15,26.9,26.75,25.5,23.5,18.8,17.7,25,32.3,32.3,35.9,33.9,38.2,37.8,36.2,36.4,33.5,35.2,29.4,8.3,15.8,12.8,16.6,21.6,23.5,24.2,23.8,22.3,20.4,13,13.2,79,90.5,89,89,87,80,85,84,85.5,81,74,80,32,55,32,42,54,44,46,45,30,36,36,36,111.5,75,33.5,75,157,187.5,170,193,141,130.5,134.5,82
2010,Ha_Nam,41.25,52.8,59.75,42.45,67.55,111.4,108.75,65.05,68.9,109.5,101.35,70.7,108.85,8.75,13.5,36.95,140.85,148.75,269,490.35,202.05,203.9,14.8,34.45,60,4,5.4,7.8,76,108.5,114,182,81,172,14,47.2,13,13,13,19,18,10,16,24,17,14,6,10,17.65,19.9,21.1,22.6,27.85,30.3,30.1,27.9,27.95,24.7,21.8,19.4,20.25,22.9,24.05,25.25,31.2,34,33.4,31.1,31.5,27.95,25.3,22.9,15.9,18.05,19.25,20.75,25.6,27.7,27.65,25.8,25.45,22.25,19.15,16.85,27.6,36.9,33.4,31.6,38.6,40.2,40.4,34.2,35.4,33.2,29,27.6,11.5,9.5,12.8,14.2,22,23.5,24.2,23.2,22.3,14.5,15,9.9,86,86.5,84,90.5,87.5,80.5,79,85,86,79,76.5,79,39,37,37,55,44,43,37,64,52,31,38,35,68,56.5,50,101.5,178,199,178,144,133.5,108,92,93
2011,Ha_Nam,67.5,34,41,48.5,72,70,86,74.5,68,69.5,77,86.5,11.65,17.5,79.95,53.7,137.35,293.45,196.25,327.35,462.25,119.15,99.85,19.3,5,7.6,24.5,50,102.2,147,78,125.3,134,39.5,38.3,12,9,13,23,11,15,15,14,17,21,17,9,7,12.65,16.85,16.3,22.45,26.3,29.25,29.45,28.8,27.1,24,23.4,17.05,14.65,19.35,18.6,25.25,30,32.7,32.8,32.05,30.5,26.9,26.95,20.1,11.05,15.35,14.6,20.45,23.85,26.3,27.1,26.2,24.75,22,20.8,14.75,21.6,26.5,25.2,30.6,36,36.6,38,36.4,36,33.1,30.7,23.7,7.4,10.4,8.2,15.8,20.1,24.3,23.5,23.5,21.5,18,17.4,9.2,75,87,87.5,88.5,84,84.5,82,83,85,84,81.5,74,40,56,47,49,49,49,45,49,42,41,43,31,8.5,39.5,22,74.5,172.5,181,198.5,182.5,115.5,74,108,71.5
2012,Ha_Nam,23.5,26,33.5,51.5,69,103,91.5,73,77.5,86,64.5,58,41.4,27.75,32.1,44,241.25,89.15,197.85,336.05,412.95,333.85,148.9,45.25,9.3,4.5,9,35.5,120,31.3,88.3,105,167,168,81.6,42.2,21,20,21,4,15,14,22,13,15,13,11,15,14.35,15.65,19.1,24.9,28.4,29.9,29.75,28.9,27.25,25.85,23.25,19.1,16.05,18,21.15,28.15,31.8,33.3,33.05,32.6,30.35,29.2,26.5,22,13.15,14.15,17.6,22.9,26.05,27.45,27.3,26.5,24.95,23.5,21,17.05,21.7,26.4,27.7,36.8,38,39.5,37.9,36.5,33.3,32.5,34.1,29.6,8,9.4,12.4,18.7,22.9,24.7,24.3,23.9,21.6,21,14.4,11.2,90.5,91,89.5,87.5,86.5,80.5,80.5,84.5,84.5,82.5,85.5,83.5,58,56,35,43,49,43,47,54,45,47,45,43,2,16,13,146.5,192.5,133.5,196.5,175,143,145,114.5,58.5
2013,Ha_Nam,41.5,32,46.5,51,86.5,111.5,78,77,67,117.5,79,92,24.6,27.4,28.8,56.55,217.2,177.25,360.9,363.6,543.2,182.65,63.35,19.45,9.3,12.8,15.9,31,66,95,136,105.9,135,124,39.2,14,14,12,14,15,15,9,24,15,21,10,11,5,15.2,19.35,22.75,24.2,28.4,29.25,28.75,28.85,26.45,25.05,22.2,15.65,16.85,21.8,25.35,27,32,32.75,31.45,32.1,29.55,28.65,24.85,19.5,13.75,17.65,21.15,22.4,25.8,26.7,26.45,26.3,24.2,22.55,20.3,12.7,24.3,27.6,30.1,33.5,39.5,39.2,34.5,36,34.3,33.2,30.6,25,9,12.3,14.5,15.8,21.2,22.8,24,24.2,20.9,18.4,14.5,7.9,86.5,90.5,89,88,84,79.5,86.5,85,87.5,79,81,76,50,54,49,52,40,42,60,58,49,33,41,40,17.5,35,58.5,80,182,185,152,159,95,133,56,163.5
2014,Ha_Nam,76.8,35.5,18.5,35,82.15,81,77.5,68.5,80,93,55,66,3.9,36.25,87,180.4,124.85,281.45,297.55,332.2,185.75,237.7,94.5,36.75,4.8,7,32,214,69,73,81.8,123.5,80.5,95,82,17.3,4,19,28,20,14,19,21,22,15,11,10,9,17.15,16.6,18.95,24.6,28.4,29.8,29.45,28.5,28.65,26.35,22.85,17.05,20.55,18.55,20.95,26.7,31.95,33.05,32.4,31.55,31.85,29.9,25.85,20.2,14.45,15.1,17.65,23.25,25.75,27.3,26.65,26.15,26.3,23.65,20.6,14.7,25.2,26.1,29,31.5,38.2,37.5,36,37.8,34.5,34.6,31.8,26.2,8.3,8,13.4,19.6,19.8,24.1,21,23.4,23.4,20.4,16.3,10.4,80,87.5,94.5,92,84,83.5,83.5,85.5,82.5,79.5,85.5,76,32,43,67,73,44,46,55,49,46,42,48,29,127.5,30.5,8.5,10,206,161,162.5,120.5,184.5,156,98,76
2015,Ha_Nam,57,31,24.5,62,80.5,95.5,89,75,54,85.5,60,49.15,34,49,57.5,21,134,134.5,95,250,351,128.5,290.5,60.5,22,62,26,12,114,107,23,116,110,175,116,16,10,23,20,11,12,17,17,15,19,17,16,15,17.5,18.65,21.25,24.25,29.65,30.6,29.3,29.45,28.15,26.35,24.5,18.75,20.8,20.65,23.1,27.5,33.1,34.2,32.9,32.65,31.15,29.95,27.5,21.35,15.1,17.2,19.8,21.85,27.2,28,27.2,27.15,25.95,23.8,22.45,16.75,26,27,29.9,34.6,40.1,39.6,40,38.3,37,33.7,34.5,31.5,9.7,10.8,15.1,14.2,23,23.8,23.9,23.9,21.9,18.5,15.2,12.2,84,87.5,93.5,74.5,83,80.5,80,84,88.5,80.5,85.5,84.5,44,50,69,44,41,42,41,47,57,47,51,47,108.5,20,21.5,131,227,232.5,133,207,134.5,159,96.5,56
2016,Ha_Nam,33.1,66.15,30.95,31.65,64,83,81.5,63.5,74,92.1,70.6,80.95,142.5,9,37,119,199.5,121.5,295,406,223.5,92.5,27,5.5,58,3,22,65,114,48,145,118,81,39,17,1,20,8,20,20,16,11,14,20,15,11,5,2,17,16.15,19.15,24.25,28.1,30.45,30.2,29.15,28.4,27.1,22.7,20.55,19.35,19.45,21.35,26.65,30.9,33.85,33.2,32.3,31.65,30.45,26,23.95,15.5,13.75,17.6,22.55,25.95,27.95,27.65,26.4,26.05,24.65,20.4,18.1,29.8,32.9,26,32,35.6,38.8,37.9,36.8,36.8,33.7,30.9,29.7,5.6,8.5,12.9,19.3,22.2,25,23,24.3,23.2,19.6,14.3,13,89,78,90.5,91,85,81.5,81.5,84.5,83.5,81,81,77,46,33,40,63,40,43,47,55,46,48,38,35,42,99,22,66.5,177,234,177.5,147.5,124,157,111.5,138.5
2017,Ha_Nam,49.75,63.5,35.5,53,71.5,83,68,65.5,59,78.5,76.5,72.5,62.5,11,91,61.5,111,178.5,364,312.5,270.5,522,20,29.5,46,9,61,37,40,120,93,101,130,220,6,22,9,7,23,10,14,14,22,17,14,18,13,12,19.3,19.45,20.95,24.1,27.1,29.8,29,29.15,29,25.35,21.95,17.65,22,22.2,23.55,27.35,30.3,33.2,31.95,32.25,32.3,28.5,25.05,20.35,17.35,17.6,19.4,22.15,24.75,27.3,26.6,26.85,26.55,23.05,19.7,15.75,27,28.4,29.2,35.3,34.8,41,37.6,37.5,35.4,33,33.3,25.9,12,12.5,15.3,17.4,21.2,24.1,23.5,24.4,24.1,18.5,13.3,9,86,78,90,86.5,84.5,82.5,85.5,85.5,85.5,82.5,79,77.5,54,35,50,51,35,36,53,48,56,40,32,24,58.5,80,34,102.5,161,156.5,119.5,128.5,162.5,112.5,66.5,68.5
2018,Ha_Nam,41,50.5,46.5,40,64.5,91.5,69,48.5,75,77,60,48.5,31,14,26,108.5,221,33,766,517.5,177.5,243,56,86.5,8,6,19,64,115,15,102,92,68,148,51,27,19,12,9,10,18,11,23,22,10,12,10,12,17.45,16.75,21.3,23.45,28.5,30.1,28.9,28.45,28.3,25.6,23.85,19.4,19.6,19,24.2,26.3,31.95,33.55,32,32.05,31.4,28.8,27.25,22,16,15.2,19.45,21.5,26.1,27.55,26.4,25.95,25.7,23,21.45,17.45,28.5,24.9,31.9,31.3,36.7,38.5,40.5,34.7,36.1,32.7,30.7,30.2,8.3,10.6,13.5,15,22.4,24.3,24,23.2,22.6,19.3,15.5,8.9,86.5,80.5,87.5,87.5,85,79,85.5,88,82.5,82,82.5,86,37,31,36,45,47,42,39,57,49,35,29,49,27.5,40,90,77,248.5,167,136.5,128.5,172,149.5,151,103.5
2019,Ha_Nam,41,32,31.5,48,58.5,93,85,75,93.5,73.5,70.5,75.5,25,22,34.5,86,246.5,108,125,423.5,224,217.5,65.5,11.5,16,23,18,73,111,84,32,211,130,58,35,12,13,11,16,14,21,9,12,20,9,16,10,12,17.75,21.65,21.8,26.45,27.5,31.05,30.75,29.25,28.55,26,22.85,19.25,20.15,24.4,24.3,29.3,30.45,34.5,33.7,32.7,32.35,29.6,26.35,23.05,16,19.95,20.1,24.6,25.45,28.55,27.5,26.85,25.85,23.5,20.3,16.5,26.7,30.6,30.4,37.2,41.1,39.7,38.7,37.7,35.6,34,30,28.8,10,12.9,16.2,21,21.1,23.3,23.2,23.2,23.4,18,17,10.1,87,91,91,89.5,88,80,78.5,83.5,79,83,81.5,79,55,61,57,54,39,44,47,52,39,38,42,31,35.5,85,33.5,95.5,132,195,181.5,160,212,153,137,150
2020,Ha_Nam,50.5,38.5,29.5,39.5,75,127,93.5,59.5,58.5,79.5,69.5,66.5,112,31,98,62.5,55.5,46.5,93,407.5,202,357,94.5,11.5,111,13,60,26,46,35,44,122,83,134,108,7,15,16,22,16,12,9,12,20,13,18,6,10,20,19.5,22.5,22,29,30.5,31,29,29,24,23,18,22.4,22.3,24.7,24.75,32.3,34.05,34.15,32.1,31.9,27.3,26.4,21,17.75,17.7,20.95,19.85,26.75,28.45,28.55,26.75,26.65,22.15,20.85,15.9,28.7,28.2,33.4,30.8,39.3,39.2,38.5,36.7,36.7,32.4,29.9,28.5,11.5,13.6,15.4,14.7,23.2,25.2,25.8,22.9,22.8,18.2,16.3,10.4,86,88,91,88.5,83,82,79,85.5,85,79.5,79.5,76.5,45,45,52,49,42,49,44,53,55,31,34,36,73,62,34.5,57,202,257,245,167,139.5,90.5,116.5,83.5
2000,Ninh_Binh,67.1,46.35,33.75,54.55,80.25,95.8,88.95,67.35,68.25,75.5,99.75,89.85,3.7,12.2,48.75,98.65,135.9,151.8,346.25,191.85,712.7,225.05,4.5,2.45,2,2.8,15.4,71.2,49.5,82.9,120.7,75,356.1,74,2.4,1.5,7,14,18,18,18,14,18,14,19,17,6,5,18.4,16.5,19.5,24.8,26.9,28.25,29.05,28.4,26.4,24.9,21.1,20.05,21.45,19.55,22.25,28.7,30.7,32.3,33.05,32.25,30.05,28.35,25.4,23.9,16.55,14.85,17.65,22.45,24.25,25.2,26,25.8,23.85,22.7,18.05,17.55,29.4,29,29.7,36.9,36.4,35.5,37.2,35.5,33.7,32.7,29.5,28,9.3,7.3,9.7,18.4,19.6,20.8,22.5,23.7,19,17.7,11.4,11,82.5,86,91.5,88,84.5,82.5,83.5,87,86.5,86,77.5,78,45,49,52,50,54,51,49,56,38,41,32,41,69.9,38.2,46.55,104.55,150.9,165.25,210.8,174,145.1,139.7,155.75,98.65
2001,Ninh_Binh,59.3,44.65,47.25,52.1,84.45,81.95,85.6,62.1,69.25,66.65,94.9,59.9,8,12.7,93.4,66.95,192.65,159.6,305.75,220.4,407.5,275.65,14.45,23.6,4,31.2,38.4,6,72.3,42.9,86.7,78.5,63.4,184.9,17.7,12.7,12,13,18,17,19,18,20,20,15,20,8,9,18.45,17.3,20.8,24.15,26.75,28.55,29.05,28.15,27.3,25.45,20.65,17.5,21.7,20,23.8,27.95,30.75,32.4,32.85,31.55,30.9,28.9,25.55,20.9,16.25,15.5,18.85,21.95,23.85,25.8,26.25,25.75,24.75,23.2,17.3,15.1,31.5,25.9,30.5,38.8,38.2,36.7,37.1,35.8,33.8,33.6,31.4,28.6,11.1,10.6,13.6,15.7,22,22,24.4,23.8,22,20.6,10.8,6.7,85.5,86.5,89.5,89.5,84,85,84.5,87.5,86.5,87,78,83.5,40,45,56,50,44,51,52,58,47,52,33,36,65.95,35.25,69.1,80.6,142.65,161.45,174.95,168.1,157.85,112.6,193.55,76.85
2002,Ninh_Binh,62.35,36.35,59.15,74.7,87.45,89.65,88.4,66.65,89.2,78.4,67.55,50.6,6.8,13.2,18.1,50.5,451.3,262.7,230,251.45,162.25,158.05,44.8,57.9,4,3.5,5,37.5,151,141,84,78,61,66.6,15.9,30,5,16,17,8,18,21,22,24,20,18,12,12,17.35,19,22,25.3,27.15,28.95,28.85,27.75,26.95,24.7,20.85,18.75,21,21.45,24.85,28.95,31,33.2,32.5,31.55,30.95,28.8,24.15,21.7,14.75,17.3,20.15,22.7,24.6,26.1,26.45,25.45,24.45,22,18.45,17.15,27.9,26.4,29.5,34.2,38.3,35.8,36.4,35,34.3,34.3,32.2,30.5,9.1,11,15.8,16.1,21.6,24,24.6,22.9,21.5,16.2,13.3,7.3,82.5,89.5,86.5,86.5,86,83.5,83.5,86.5,81.5,83,82.5,86,38,59,41,45,46,57,51,53,49,35,34,46,90.25,29.7,38.2,113.5,154.4,163.8,114.45,152.5,144.25,149.8,93.45,64.15
2003,Ninh_Binh,64.95,52.25,60.55,63.5,89.1,129.6,103.75,65.3,75.95,112.25,119.25,101.4,36.7,15.85,30.85,97.15,121.75,296.7,182.6,249.8,474.6,21.15,1.15,3.25,17,7.5,25.6,72,37,120,64,97.8,187.9,17,1.2,4,10,9,10,13,19,13,13,22,16,5,3,4,16.6,20.5,21.6,25.75,28.65,29.65,29.45,28.4,27.15,25.7,23.3,18,20.35,23.6,25.05,29.95,32.85,33.75,33.25,32.05,30.55,30,27.8,22.25,13.9,18.6,19.45,23.15,25.75,26.4,26.8,25.95,24.85,22.85,20.15,15.05,29.1,28.9,36.6,38.2,39.2,38.1,36.4,35.9,34.5,35.1,32.2,28.6,8.3,9.9,13.6,18.8,19.4,23.9,23.6,23.4,22.7,19.1,12.9,7.9,82.5,87.5,82.5,85.5,83,78,82,88,87,79,77,76,39,41,24,38,37,48,51,50,52,38,39,28,126.05,67.15,73.7,132.65,193.5,168.5,253.8,122.85,140.45,162.9,136.25,95
2004,Ninh_Binh,62.1,55.4,68.6,58.55,86.95,134.65,114.65,70.05,67,119.9,102.4,101.75,10,37.45,41.8,93.75,148.5,197.4,216,235.05,300.65,22.7,26.25,4.55,4.2,16.1,9.1,31.3,43.1,96,65.3,52.7,113.1,21,13.3,2,13,13,18,17,16,11,16,19,14,4,6,7,17.05,17.6,20.2,23.85,26.15,28.85,28.65,28.2,27,24.75,22.4,18.85,20.2,21.25,23.25,27.5,30.25,33.2,32.1,32.15,31,29.45,26.9,23.65,15.1,15.3,18.3,21.65,23.55,26.05,26.25,25.7,24.35,21.5,19.3,15.6,27.2,29.3,35.4,31.4,35.9,38.5,38.5,35.4,34.2,32.4,32,29,5.9,6.2,11.8,16.8,18.2,21.3,23,23.8,21.7,18.9,12.5,9,84.5,87,85.5,88,85,80,82,86,86.5,77,80,78,36,30,34,59,50,45,48,60,48,38,41,31,38.55,69.25,47.5,79.75,137.05,213.3,102.45,168.7,138.45,117.8,140.1,144.35
2005,Ninh_Binh,70.25,37.8,61.25,65.75,120.05,137.55,110.35,73.55,76.85,105.85,84.25,101.2,13.4,26.95,27.3,59.6,73.95,115.7,281.7,423.05,615.35,38.15,177.8,32.75,8.2,10,8.7,46.3,31.4,37,136.5,102.1,175.8,21.6,84.6,31.9,8,18,18,14,17,12,17,27,17,9,8,5,16.45,18,18.95,23.55,28.9,30.05,29,28.1,27.55,25.55,22.3,17.05,19.6,20.45,22.3,27.3,33.9,34.5,33.3,31.9,31.5,29.25,26.05,20.2,14.5,16.65,17.05,21.3,25.75,27.05,26.4,25.75,24.9,23.05,19.9,14.85,27.3,29.6,28,37.7,38.3,39.5,37.9,36,35,34,31.5,28.5,6.3,10.3,9.1,16.4,23.2,24.5,23.9,23.6,22.8,18.5,12.3,8,83.5,90,86.5,88,83.5,81.5,86,89.5,89,85,86.5,79.5,33,55,37,44,37,45,57,63,56,43,43,30,45.6,18.3,32.15,89.7,201.85,127.6,204.2,128.2,141.1,117.75,134.9,51.25
2006,Ninh_Binh,84.4,40.5,48.45,88.3,101.2,117.8,108.25,66.45,116.25,83.35,98.6,102.1,1.45,25.55,34.85,51.7,320.8,170.7,378.1,382.95,241.7,70.95,28,0.75,1,6,10,63,110,56,115,76,85,29,29,1,4,14,19,11,18,13,14,21,9,10,6,2,17.95,18.5,19.8,25.15,27.15,29.5,29.4,27.6,27.3,26.2,24.45,18.25,21.45,21,22.85,29.75,31.65,34,33.2,31.1,31.5,30.35,28.9,22.25,15.85,17,18.15,22.25,24.15,26.5,26.75,25.4,24.45,23.65,21.45,15.3,29.4,28.3,28.4,40.4,35.5,37.8,37.3,34.7,35.6,32.2,34.4,28.5,9.9,12.4,11.4,15.1,19.5,23.8,24.2,23.9,21,21.3,15.5,8.1,79.5,89,88.5,84,81,80.5,82,88,79,85,81,76,44,55,39,38,30,48,53,56,39,57,34,30,73.5,27,26.5,123,183,187.5,144,96.5,170.5,122.5,157.5,74
2007,Ninh_Binh,96.4,64.65,35.9,79.1,107.95,121.85,109.7,72.5,82.2,85.95,130.85,70.2,1.1,46.8,41.65,39.85,198.25,165.3,287.55,262.05,290.7,354,10,17.5,1,24,16,20,153,60,122,74,57,264,11,12,6,10,19,10,13,16,17,19,14,12,2,9,16.6,21.45,21.2,23.05,26.5,29.75,29.6,28.3,26.45,24.9,20.5,20.25,19.9,24.8,23.85,27.25,30.95,34.1,33.9,32.05,30.4,28.85,25.5,23.55,14.2,19.2,19.55,20.55,23.4,26.5,26.6,25.55,23.95,22.35,17.05,18.2,26.5,28.7,31.7,38,38.6,39.1,37.8,36.3,34.2,32.9,28.7,28.5,6.9,9,11.7,14.2,17.8,23.9,23,23.2,19.7,18,8.5,12.6,75,84,74,85,87,92,84.5,82,80,82,87,85,23,27,57,48,43,43,53,61,36,45,33,47,58,60,11,80,144.5,224.5,225.5,112.5,120.5,86,152.5,42
2008,Ninh_Binh,60.15,70.65,60.55,65.35,89.85,69.9,93.05,68.35,60.25,68.3,89.45,82.8,55.9,14.65,27.35,44.8,336.1,210,196.05,238.85,373.7,314.35,167.3,33.6,19,7,14,27,181,51,58,90,118,181,75,20,12,12,15,11,11,24,17,19,19,17,8,7,15.35,13.35,20.4,24.3,26.75,28,28.85,28.4,27.25,25.75,21.3,17.9,18.8,15.7,24.2,27.65,30.95,32.15,32.65,32.1,31.05,29.25,24.75,21.9,12.95,11.45,17.85,22.2,24.15,25.6,26.35,26,24.6,23.6,18.85,15,29,25.8,29.2,34.4,36.7,37.2,35.2,35.2,35.2,32,29.4,26.5,6.6,6.4,8.2,17.4,20.8,23.9,23.6,22.7,21.7,21.1,10.9,9.4,85.5,74.5,87,87.5,83.5,86,82.5,87,88,86,78.5,78,32,40,36,54,51,54,54,57,59,54,33,38,67,26,70,85.5,154.5,97.5,147.5,135.5,114,81,133,101
2009,Ninh_Binh,81.7,56.15,53,62.25,74.25,119.2,86.4,79.1,86.85,83.2,100.45,69.15,9.55,6.35,67.1,146.9,460.5,94.75,343.95,236.65,287,112.3,14.65,14.85,6,4,30,50,115,52,115,61,123,35,19,21,6,8,17,12,19,12,18,17,13,10,4,7,15.6,21.95,20.8,24.05,26.6,29.7,29.05,28.8,28.2,25.7,21.2,19.7,19.4,25.7,23.9,27.4,30.05,33.85,32.9,33,32.05,29.8,25.35,23.4,13,19.5,18.6,21.95,24.2,26.6,26.5,25.95,25.4,23.05,18.55,17.55,25.8,33.5,32.2,36.4,33.5,37.6,37.2,35.7,36.3,33,34.5,29.5,5.5,14.6,11.1,16.5,21.5,23.3,24.5,22.9,21.8,20.4,10.8,13.5,78,88,88,88,87,78.5,84.5,86.5,84,84.5,75,81,32,52,34,46,56,48,51,54,51,38,35,46,103.5,88,54,86.5,146.5,178,172.5,196,145,131.5,136,81.5
2010,Ninh_Binh,45.55,69.15,80.1,48.6,85.6,146.25,130.55,61.85,64.75,111.55,98.35,75.1,104.55,13.25,19.4,73.4,105.3,108.3,281.55,571.3,319.9,175.9,1.95,6.85,62,8,10,22,39,80,101,167,149,64,4,4,14,9,10,20,15,11,16,23,13,13,2,6,17.9,20.5,21.65,23,28.25,30.45,30.1,27.75,27.65,24.55,21.65,19.4,20.9,24.5,25.6,26.45,32.4,35.4,34.75,31.3,31.65,28.25,25.8,23.6,15.95,18.05,19.4,20.9,25.7,27.25,27.1,25.35,25,22.05,18.7,16.55,27.8,35.7,35,32.8,39.1,40,40.3,34.2,35.7,32.8,28.9,27.8,11.2,9.4,12.3,14.5,22.4,24,24.4,23,22.8,13.3,13.2,8,86,83.5,81,89.5,85,76,79,88.5,86.5,77.5,76,81,46,22,35,60,46,40,37,65,54,33,36,42,46,101.5,72.5,61.5,148.5,171.5,207.5,133.5,139,113,92,89
2011,Ninh_Binh,67.5,83,49.5,60,86.5,80.5,90,70.5,65.5,62,66,80.5,7,12.5,72,25.5,159,259.5,256.5,258.5,356.5,141,35,8,3,3,32,14,76,117,77,60,86,40,28,8,8,12,15,12,12,14,12,18,19,19,9,4,12.9,17.25,16.8,22.9,26.5,29.1,29.15,28.35,27,23.9,23.25,17,15.15,20.4,19.6,26.65,31.2,33.65,33.25,32.2,30.7,27.1,27.3,20.5,11.3,15.45,14.8,20.45,23.55,26.3,26.45,25.55,24.45,21.9,20.6,14.65,22,27,26.6,32,37.1,37.3,38.6,37.5,36.6,32.9,31.4,24,7.4,10.7,8.2,13,20.3,24.6,24,23.4,21.4,18.6,16.3,7.1,77,87.5,85,87,83,83,82,85.5,86,85,82.5,74,42,52,49,47,48,48,45,51,49,52,43,32,6.5,37.5,19,65.5,157,156.5,182.5,180.5,114,64,80,68
2012,Ninh_Binh,26,27.5,46,74.5,84.5,113,89.5,70,69.5,78.5,56.5,54,31.5,19.5,26.5,35,369.5,97.5,239,350.5,398.5,196.5,151,25,8,3,10,41,145,52,120,91,193,109,77,19,20,19,16,6,15,10,19,17,12,10,16,13,14.65,16,19.9,25.55,28.3,29.75,29.3,28.4,26.8,25.8,23.15,19.1,16.65,18.9,22.55,29.8,32.75,34,33.4,32.7,30.4,29.75,27,22.6,13.4,14.45,18.2,22.95,25.4,26.85,26.5,25.8,24.1,23.35,20.75,17.25,22.9,26.8,30.1,39.1,41.1,38.9,39.2,36.8,33.5,32,33.5,30,8.7,9.4,13.1,17.5,23,24.4,24.1,23.6,19.4,20.8,14.4,11,90,90.5,88,84,84,78,82.5,86,86,83,86,84.5,64,62,42,42,32,41,44,50,41,44,35,41,2,21.5,21,128,182.5,122.5,170.5,171.5,131,125.5,118.5,57
2013,Ninh_Binh,35.5,33.5,50,55,88,102,55.5,73.5,57,103,66.5,76,18,28.5,21,63.5,231,218,416,373.5,399,172.5,53.5,10,10,15,10,27,102,179,114,140,94,117,34,7,16,12,12,13,15,12,23,13,22,11,13,5,15.45,19.75,23.05,24.4,28.3,29.15,28.25,28.7,26.45,24.9,22.1,15.4,17.7,23.05,26.55,28.25,33.05,33.8,31.9,32.65,29.85,29,24.95,20.1,13.9,17.85,21.15,22.25,25.2,26.05,25.6,25.9,24.2,22.25,20.35,12.15,25,28.8,31,35.5,39.7,38.4,34.6,36.5,34.6,33.6,30.8,25.5,9.1,12.3,13.5,16,21.4,20.7,23.1,23.7,21.2,17,14.8,6.1,86.5,90,87.5,86,82.5,77.5,87.5,84,86,78,82.5,76.5,51,57,48,50,40,37,60,50,44,29,42,37,14.5,49.5,58,86,176,176,126,151,91.5,135,49.5,153.5
2014,Ninh_Binh,69.5,40.5,22,37,95.5,82,66.5,66,63.5,88.5,54.5,70,2.5,22.5,68,101,220.5,193.5,238.5,260.5,175,151.5,81.5,25,2,5,20,57,74,69,75,85,61,105,50,12,2,18,26,22,14,17,24,19,12,10,10,8,16.8,17,19.6,24.9,28.45,29.5,28.8,28.15,28.3,26,22.7,16.95,21.4,19.55,22.1,27.4,33.15,33.7,32.85,31.9,32.2,30.2,26.1,20.45,13.75,15.3,18,23.5,25.4,26.7,26.15,25.85,25.65,23.2,20.25,14.4,26.2,27.8,30.2,33,39.6,38,36.1,36.6,35,34.6,31.5,25.9,5.5,8.4,13.5,19.6,19.1,23.9,23,23,22.8,19.2,15,8,80,87.5,95,92,82,83.5,85.5,87.5,86.5,81,86,76.5,35,45,76,73,38,50,52,56,51,43,52,32,119,32,11.5,17,196.5,140.5,125.5,114,175,147.5,95,83
2015,Ninh_Binh,54.5,31,22.5,55.5,120,107,97.5,67,46.5,75.5,49,47,25.5,54,64,27.5,73.5,102,228.5,234,392,85,185,36.5,21,49,14,17,39,65,77,53,106,45,101,9,7,12,22,9,13,10,18,14,17,6,17,14,17.5,19.05,21.65,24.5,30.1,30.6,29.3,29.15,27.9,26.05,24.3,18.5,21.8,21.5,24.05,28.45,35.15,35.85,33.55,33.4,31.55,30.5,27.85,21.55,14.7,17.3,20.05,21.6,26.8,27.15,26.4,26.3,25,23.2,22.05,17,26.7,29.2,30.2,36.5,41.5,40,41.3,37.6,37,33.6,33.8,31.6,8.1,10.7,15.1,14.6,23.5,24,23.8,24,21.7,18.3,15.4,12.6,83.5,88.5,93,84.5,79.5,77,79,83.5,87.5,81.5,85.5,83,39,52,71,39,35,41,34,45,52,46,53,45,109.5,26.5,32,134.5,237.5,228,127.5,201,130,153,99,58.5
2016,Ninh_Binh,32.5,58,30.5,39.5,66.5,103.5,96.5,73,63,73.05,67,63,156,18.5,35.5,119.5,150,110,386,378,195,63,15.5,40.5,65,3,18,58,50,39,207,153,53,43,10,71,17,6,16,17,14,12,14,18,16,12,6,5,17.1,16.1,19.6,24.65,27.9,30.3,29.9,29.05,28.1,26.85,22.6,20.4,20.05,20.2,22.55,28.05,32,35.15,34,33,32,30.9,26.55,24.55,15.45,13.3,17.7,22.75,25.25,27.15,26.7,26.1,25.55,24.35,20,17.8,30,34.7,27,33.1,36.5,38.5,38.2,36.9,36.7,33.6,31.9,29.4,5.4,7.3,10.1,19,21.5,24.9,22.3,24,23.4,20,13.8,11.9,88.5,76,89.5,90,85,79,81,85,85,82.5,81.5,78,45,30,40,56,38,47,42,51,50,49,41,37,41,106,21,60,161,229.5,191.5,146.5,116,144.5,107,103
2017,Ninh_Binh,39,60.5,40.5,64,79.5,105.5,66,71,55.5,64.5,82,70.5,91,9.5,68.5,68,55.5,148,232.5,193.5,255.5,389,24,24,54,6,32,33,23,119,39,66,76,160,22,14,10,7,20,10,13,15,21,18,17,19,11,9,19.25,19.45,21.35,24.6,27.1,29.85,28.7,29.05,28.65,25,22.1,17.2,22.4,23.05,24.25,28.85,31.25,34.15,32.3,32.95,32.8,28.4,25.45,20.45,17.1,17.25,19.65,22.15,24.55,26.85,26.1,26.55,26.2,22.9,19.6,15.55,28,28.6,29.4,38.9,35.5,40.8,38,37,35.6,33.2,34.2,26,12.1,11.3,15.4,17.2,20.8,23.8,24,24.5,24.1,17.3,14,7.5,86,79.5,89,84.5,82.5,81,86,85,88,85,78,78,54,42,51,46,34,37,50,50,57,44,38,23,49,75.5,33.5,112,164,149,105.5,122.5,142,94,64.5,70.5
2018,Ninh_Binh,42.5,51.5,59,57,88,115,95.5,54,74,77.5,67,54.5,17.5,8,25.5,66,142,77,617,473.5,220,233.5,70,70,6,4,12,32,50,42,77,109,80,169,75,26,14,10,11,9,17,10,24,22,12,10,11,11,17.75,16.95,21.95,23.55,28.5,30.2,29.1,28.25,28.15,25.5,23.65,19.5,20.25,19.9,25.95,27.1,33.15,34.4,33.2,32.55,32.2,29.35,27.95,23.05,16.05,15.1,19.7,21.3,25.5,27.2,26.5,25.9,25.45,23.05,21.3,17.35,28,25.2,35,31.2,37.7,38.1,41.1,37,35.8,33.4,31.1,30.6,8.6,9.5,12.8,15,22.5,24.5,23.8,24.1,22.9,19.6,15.7,9.1,85.5,80,86,86.5,83.5,77.5,83,88,83.5,82.5,83.5,86,39,28,40,43,47,45,39,25,51,35,35,51,29,44.5,88.5,78.5,236.5,166.5,129,116,170,144.5,137.5,104.5
2019,Ninh_Binh,43,47,42,65,77.5,129,118.5,71,97.5,68.5,64.5,73,17,18,35,56,346.5,51.5,139,482,155,375.5,58,13,7,20,14,17,94,17,54,157,132,216,25,8,8,8,15,14,17,10,13,19,9,19,6,8,17.95,22.15,22.2,26.95,27.65,31.35,30.65,29,28.3,25.65,22.6,19,20.95,25.85,25.5,30.9,31.4,36.2,35.4,33.1,32.9,29.7,26.6,23.7,15.9,20.05,20.25,24.55,25.1,28.15,27.55,26.35,25.35,23.2,20.1,16.1,26.5,34,30.7,40.6,41.3,40.8,39.3,38,36.1,33.7,29.6,29.2,11,13.7,15.9,20.8,21.1,23.3,24.5,23.3,21.5,17.2,16.5,7,86.5,88.5,90.5,88,86.5,76,77,85,78.5,84.5,82.5,77.5,51,36,56,33,38,34,41,48,35,35,41,29,26,88,45.5,104.5,123,198.5,165.5,140,193,147.5,127.5,148
2020,Ninh_Binh,45.5,37.5,32.5,40,89.5,138,97.5,56.5,57,86,76,72,129.5,26,141.5,52.5,58.5,140.5,120,366,230,308,69.5,11,106,11,113,16,25,120,63,87,89,128,76,8,13,12,15,15,10,6,10,24,17,18,6,7,20,19.5,23,22,29,31.5,31,29,29,24,23,18,22.8,22.55,25.6,25.45,33.8,36.8,35.55,32.75,32.7,27.25,26.85,21.8,17.45,17.8,21.1,20,26.2,27.9,27.65,26.2,26.15,22.2,20.7,16,28.9,29.3,33.9,31.8,40.6,40.2,38.6,37.2,36.5,32.1,29.8,28.8,10.2,13.6,15.5,15,22,24,25.1,24,22.4,15.5,15.3,10.8,85.5,83,89.5,85,79.5,70.5,77,85.5,84.5,79,77.5,75,43,35,54,37,36,34,40,40,50,32,30,33,63.5,60,36,52.5,195.5,240.5,234.5,143.5,138.5,86,120.5,80
