Year,Province,Pre_Eva_X,Pre_Eva_XI,Pre_Eva_XII,Eva_I,Eva_II,Eva_III,Eva_IV,Eva_V,Pre_Prcp_X,Pre_Prcp_XI,Pre_Prcp_XII,Prcp_I,Prcp_II,Prcp_III,Prcp_IV,Prcp_V,Pre_Prcp_max_X,Pre_Prcp_max_XI,Pre_Prcp_max_XII,Prcp_max_I,Prcp_max_II,Prcp_max_III,Prcp_max_IV,Prcp_max_V,Pre_Rdays_X,Pre_Rdays_XI,Pre_Rdays_XII,Rdays_I,Rdays_II,Rdays_III,Rdays_IV,Rdays_V,Pre_Tavg_X,Pre_Tavg_XI,Pre_Tavg_XII,Tavg_I,Tavg_II,Tavg_III,Tavg_IV,Tavg_V,Pre_Tmax_avg_X,Pre_Tmax_avg_XI,Pre_Tmax_avg_XII,Tmax_avg_I,Tmax_avg_II,Tmax_avg_III,Tmax_avg_IV,Tmax_avg_V,Pre_Tmin_avg_X,Pre_Tmin_avg_XI,Pre_Tmin_avg_XII,Tmin_avg_I,Tmin_avg_II,Tmin_avg_III,Tmin_avg_IV,Tmin_avg_V,Pre_Tmax_X,Pre_Tmax_XI,Pre_Tmax_XII,Tmax_I,Tmax_II,Tmax_III,Tmax_IV,Tmax_V,Pre_Tmin_X,Pre_Tmin_XI,Pre_Tmin_XII,Tmin_I,Tmin_II,Tmin_III,Tmin_IV,Tmin_V,Pre_Havg_X,Pre_Havg_XI,Pre_Havg_XII,Havg_I,Havg_II,Havg_III,Havg_IV,Havg_V,Pre_Hmin_X,Pre_Hmin_XI,Pre_Hmin_XII,Hmin_I,Hmin_II,Hmin_III,Hmin_IV,Hmin_V,Pre_Shours_X,Pre_Shours_XI,Pre_Shours_XII,Shours_I,Shours_II,Shours_III,Shours_IV,Shours_V
2001,Ha_Noi,64.2,91.475,84.85,59.85,46.825,50.0,46.3,76.4,237.7,4.875,3.7,18.675,37.25,126.2,72.55,321.675,74.1,10.6,5.2,13.8,29.7,47.9,41.7,118.8,15,3,4,13,16,18,18,23,24.95,21.175,19.95,18.25,17.275,21.05,23.875,26.625,29.1,26.05,24.4,21.875,20.2,24.375,28.0,31.1,22.5,17.675,17.125,15.875,15.075,19.0,21.675,24.05,34.4,30.1,28.8,32.4,26.7,30.5,37.3,37.1,17.6,10.0,9.9,10.3,9.1,13.0,13.8,21.2,86.0,76.75,77.0,83.25,84.75,88.25,89.5,84.5,35,32,36,35,41,43,52,44,140.825,170.85,108.525,58.75,32.85,44.125,65.425,132.075
2002,Ha_Noi,66.2,80.425,56.425,61.225,46.4,62.325,75.375,74.9,222.25,40.1,27.3,16.425,15.9,11.6,28.8,267.025,100.3,24.7,15.7,17.5,7.0,5.0,49.0,47.0,15,6,11,9,12,13,10,21,25.6,20.5,17.425,17.25,19.75,22.16666667,25.45,27.1,29.825,26.275,21.15,21.05,22.25,25.375,29.55,31.3,23.05,16.5,14.575,14.6,17.475,20.0,22.8,24.4,34.9,32.3,29.4,27.8,27.5,30.3,34.0,38.8,20.0,9.0,4.4,7.9,11.3,11.0,16.0,20.8,85.0,78.75,83.0,82.25,87.25,85.0,85.75,85.0,49,39,34,38,54,43,42,50,105.05,187.8,82.575,75.5,40.4,36.1,117.875,136.775
2003,Ha_Noi,70.15,54.825,43.55,56.83333333,62.33333333,81.9,75.3,89.93333333,147.475,55.9,57.5,40.475,55.2,11.725,76.125,309.375,61.8,14.0,51.9,19.0,29.8,5.0,77.6,135.0,13,12,17,9,10,12,15,17,24.625,20.75,18.675,16.4,20.65,21.6,25.825,28.4,29.3,24.625,21.925,20.75,24.475,25.525,30.1,33.075,21.725,18.2,16.65,13.425,18.3,19.275,22.975,25.275,34.5,33.7,31.2,29.0,30.0,38.0,36.2,40.4,16.1,12.9,7.6,6.9,11.4,13.2,18.7,18.9,83.25,82.5,84.5,82.5,86.5,81.5,84.75,85.5,42,34,43,35,38,25,37,36,147.075,100.125,54.6,87.5,81.7,75.75,110.975,174.0
2004,Ha_Noi,98.3,94.6,81.76666667,53.2,46.675,56.025,44.55,65.75,32.575,1.625,5.375,18.65,24.225,33.45,127.8,255.475,27.0,3.0,4.0,5.0,12.0,17.0,75.0,84.7,6,3,4,15,13,17,20,19,25.75,23.1,17.725,17.0,17.83333333,20.46666667,23.83333333,26.06666667,30.65,27.925,22.35,20.075,21.475,23.575,27.8,30.575,22.8,19.975,14.725,14.7,15.25,18.275,21.35,23.275,35.6,32.0,28.7,27.5,28.5,33.0,32.0,37.5,18.2,11.5,7.0,7.5,6.4,11.9,15.3,18.5,79.0,77.5,76.5,83.25,86.25,84.5,88.75,88.25,40,39,29,31,40,36,56,53,161.7,128.85,97.025,32.0,50.9,43.6,70.6,131.125
2005,Ha_Noi,106.15,79.3,74.325,48.2,38.7,51.175,59.25,85.425,35.025,19.2,27.65,12.425,32.375,31.85,40.95,110.325,14.0,18.0,25.0,6.0,21.0,9.0,46.8,102.0,3,7,6,10,18,24,15,19,25.0,22.56666667,18.63333333,15.975,17.625,19.1,23.875,28.575,30.125,27.275,23.9,18.95,20.65,21.75,27.6,33.6,21.95,19.55,15.1,14.2,15.85,17.05,21.675,25.575,33.7,33.2,28.7,27.9,28.0,28.8,36.6,37.8,18.5,12.4,8.4,5.2,9.8,9.6,16.0,22.2,75.25,80.25,78.5,83.75,87.25,85.75,86.75,83.75,36,35,33,38,48,37,51,47,138.05,128.85,159.925,34.925,21.475,32.525,78.525,187.05
2006,Ha_Noi,84.175,62.25,77.425,68.8,38.65,47.525,74.2,91.225,35.55,95.875,33.775,2.575,21.225,38.8,22.925,175.575,35.0,74.0,25.2,16.0,7.0,36.0,11.6,45.1,10,8,9,5,17,20,10,20,25.525,22.125,16.85,17.975,18.175,20.15,24.975,26.575,29.85,26.25,20.75,21.425,21.0,23.25,29.225,31.625,22.975,19.675,14.475,15.775,16.575,18.325,22.4,23.5,34.7,32.2,29.0,28.9,28.3,28.0,39.0,35.0,17.3,11.7,6.1,9.6,12.1,10.9,15.1,18.5,81.0,84.25,76.25,79.25,88.75,86.75,84.5,83.0,38,40,29,42,60,35,44,33,120.975,118.725,72.925,69.33333333,30.33333333,26.0,99.66666667,159.6666667
2007,Ha_Noi,84.975,87.625,73.475,82.075,63.1,40.2,65.3,94.375,42.875,71.3,3.975,6.3,34.4,34.0,124.5,113.4,63.0,86.0,6.0,4.0,30.0,15.0,82.0,45.2,12,6,5,8,7,17,13,14,26.625,23.75,17.525,16.425,21.675,21.025,23.025,26.65,31.175,28.775,21.825,20.075,25.6,23.975,27.25,31.3,24.1,20.95,14.7,14.05,19.35,19.3,20.7,23.7,33.4,32.3,29.5,27.5,29.9,30.0,34.2,38.9,20.5,15.1,7.7,6.2,8.6,11.5,13.8,17.3,82.0,80.75,80.25,74.33333333,81.0,71.66666667,80.66666667,84.33333333,49,31,31,24,29,51,46,39,120.3333333,150.3333333,97.0,61.66666667,66.0,28.0,82.0,144.0
2008,Ha_Noi,77.375,96.35,64.23333333,52.675,54.325,63.25,56.975,82.5,167.025,11.125,12.9,33.5,23.35,20.875,62.225,224.525,98.0,7.0,15.0,14.0,10.0,10.0,93.0,103.0,11,3,9,13,11,14,15,17,25.1,20.525,19.9,14.75,13.525,21.1,24.4,27.0,29.3,25.975,23.275,18.375,16.125,24.95,27.9,31.675,22.675,17.1,18.025,12.775,11.8,18.625,22.175,24.225,33.7,29.3,29.2,29.7,26.2,29.5,33.7,38.7,17.2,6.7,11.1,5.8,6.5,9.3,16.6,20.0,81.33333333,84.0,83.33333333,82.75,76.5,83.75,86.75,82.5,33,27,45,24,35,24,52,44,104.3333333,182.3333333,53.0,63.225,27.0,66.175,67.45,146.475
2009,Ha_Noi,65.825,62.875,65.175,67.825,48.9,49.15,58.275,68.225,498.3,250.025,12.65,12.925,6.825,51.35,80.7,216.45,514.0,186.0,10.0,7.3,4.0,36.0,25.0,81.0,17,9,6,6,10,20,15,19,25.925,20.85,17.675,15.475,22.125,20.625,24.325,26.65,29.9,25.15,22.075,19.825,25.825,23.95,28.1,30.7,23.625,18.2,14.875,12.625,19.775,18.625,22.025,24.25,33.7,29.7,26.6,25.9,32.2,31.7,35.6,34.7,21.1,9.9,9.2,4.5,14.9,10.6,16.1,21.0,84.25,80.75,78.5,77.0,86.75,85.5,85.5,84.5,41,28,43,21,49,31,44,46,95.375,150.0,106.65,98.375,73.2,45.125,95.825,137.225
2010,Ha_Noi,73.4,94.7,73.35,47.75,62.6,70.35,51.725,77.125,72.7,3.625,2.925,68.5,7.825,6.6,70.625,113.175,41.0,3.0,2.4,31.7,5.0,6.0,27.0,42.0,10,2,5,13,7,10,23,12,25.975,21.125,19.45,17.975,20.65,21.75,23.25,28.275,30.2,25.775,23.275,20.825,24.875,25.475,26.95,32.675,23.475,18.3,16.975,15.8,18.15,19.6,20.925,25.525,34.9,34.6,30.5,28.0,34.8,32.8,33.5,39.4,19.5,9.6,11.5,9.6,9.6,11.6,15.2,22.0,82.0,72.75,78.0,83.5,82.5,80.25,86.25,83.75,35,34,42,42,42,33,51,45,130.425,132.325,72.375,32.45,94.4,50.275,51.35,119.975
2011,Ha_Noi,90.95,76.125,58.7,58.66666667,43.66666667,49.66666667,62.66666667,80.66666667,66.95,1.475,19.05,15.7,20.475,107.4,60.35,199.925,51.0,2.0,18.2,7.4,6.9,39.4,57.0,109.3,12,5,11,17,15,19,9,16,24.95,21.2,18.85,12.475,17.475,16.9,23.45,26.525,29.0,25.725,22.75,14.65,20.8,19.4,26.975,31.15,22.35,18.25,16.175,10.85,15.525,14.95,20.775,23.575,33.6,29.9,28.0,22.1,27.7,25.5,31.6,37.0,12.8,12.6,8.7,7.2,10.0,8.7,13.7,19.3,77.5,77.75,82.25,75.66666667,84.66666667,83.0,83.0,80.0,31,36,38,36,52,45,42,44,119.25,102.825,74.7,2.333333333,36.66666667,12.33333333,57.33333333,141.6666667
2012,Ha_Noi,68.66666667,67.33333333,81.0,32.66666667,38.0,50.33333333,76.33333333,81.0,170.3,25.575,52.5,31.675,20.0,29.575,48.4,405.975,43.3,21.0,63.8,20.7,4.8,35.2,33.7,125.4,15,7,4,21,19,15,8,17,24.175,23.15,16.85,14.475,16.025,20.125,25.825,28.4,27.6,27.575,20.675,16.675,18.8,22.925,30.05,32.825,21.975,20.4,14.175,13.05,14.2,18.25,22.975,25.5,33.4,31.0,25.0,25.4,27.2,29.5,38.3,39.6,19.0,14.8,6.7,7.6,9.5,12.4,17.3,22.5,81.66666667,80.66666667,72.33333333,86.33333333,85.0,84.66666667,82.33333333,83.33333333,40,46,30,53,51,36,47,33,79.0,107.6666667,87.66666667,3.666666667,17.33333333,24.33333333,101.3333333,161.6666667
2013,Ha_Noi,87.0,67.66666667,57.33333333,40.0,43.66666667,73.66666667,64.0,86.33333333,115.125,53.525,17.8,19.475,26.725,45.925,38.675,225.025,52.0,37.2,12.0,11.0,11.0,39.0,18.9,72.0,9,11,13,17,13,9,15,18,26.15,22.925,18.4,15.2,19.6,23.775,24.7,28.275,30.4,26.625,21.4,17.4,22.975,27.5,28.55,33.25,23.55,20.6,16.575,13.775,17.65,21.525,22.25,25.075,33.5,33.5,29.8,24.6,29.2,31.5,34.5,40.3,20.0,15.0,10.5,8.7,10.2,13.3,16.1,20.0,79.0,81.66666667,81.33333333,84.33333333,87.33333333,82.33333333,83.33333333,81.0,35,36,34,46,52,41,48,40,113.3333333,98.66666667,40.66666667,10.66666667,42.66666667,75.33333333,77.66666667,165.6666667
2014,Ha_Noi,93.66666667,70.66666667,66.66666667,67.66666667,43.66666667,27.0,38.66666667,94.66666667,107.05,43.725,31.725,2.925,17.175,86.525,202.225,98.7,92.9,63.0,17.0,3.0,8.1,33.7,202.0,58.0,11,10,6,3,15,23,25,14,24.875,22.275,15.35,16.875,17.05,19.775,25.05,28.675,29.225,25.575,20.25,21.625,19.875,22.325,27.75,33.825,22.15,20.225,12.1,13.7,15.175,18.125,23.25,25.45,33.5,31.5,26.8,26.2,29.0,30.5,33.7,40.3,15.6,15.0,5.1,4.4,8.3,13.0,19.0,18.7,76.33333333,76.66666667,74.0,76.0,82.33333333,90.0,90.0,80.33333333,29,36,34,24,38,68,63,37,142.6666667,65.0,154.6666667,114.6666667,35.66666667,13.0,18.33333333,191.6666667
2015,Ha_Noi,88.33333333,61.33333333,79.0,55.0,38.33333333,32.33333333,69.66666667,92.33333333,144.425,43.525,15.9,34.0,18.66666667,62.0,27.0,108.6666667,90.0,34.0,15.0,20.0,9.0,21.0,22.0,60.0,7,9,10,8,9,21,12,12,26.2,22.5,16.875,17.76666667,19.1,21.56666667,25.03333333,30.13333333,30.55,26.05,20.6,21.7,21.76666667,24.03333333,29.46666667,35.4,23.275,20.25,14.3,15.03333333,17.3,19.56666667,22.2,26.76666667,35.2,32.8,27.2,26.5,29.6,31.2,37.2,40.5,18.8,13.9,7.0,9.0,10.7,14.7,16.2,22.5,77.33333333,81.66666667,71.66666667,80.66666667,85.0,90.66666667,80.33333333,79.0,41,49,26,33,40,57,34,37,143.3333333,88.0,87.0,107.0,51.66666667,36.33333333,124.0,223.3333333
2016,Ha_Noi,79.0,52.66666667,50.33333333,37.66666667,76.0,50.33333333,57.0,86.33333333,89.0,159.3333333,43.66666667,99.33333333,7.666666667,28.33333333,116.3333333,278.6666667,40.0,84.0,15.0,39.0,8.0,26.0,27.0,338.0,7,16,13,17,5,16,19,12,26.7,24.33333333,18.66666667,17.03333333,16.6,20.1,25.4,28.43333333,31.16666667,27.93333333,21.6,19.83333333,20.66666667,22.8,28.6,32.6,23.73333333,22.2,16.66666667,15.36666667,13.86666667,18.26666667,23.23333333,25.76666667,35.0,35.5,30.2,29.7,33.3,26.9,34.1,36.9,18.6,14.9,12.5,5.1,8.4,11.5,19.5,22.0,76.0,82.33333333,79.0,84.33333333,73.0,84.66666667,85.33333333,80.0,44,39,40,43,27,36,51,32,159.6666667,93.33333333,48.0,48.33333333,95.66666667,22.33333333,68.0,144.3333333
2017,Ha_Noi,100.0,76.66666667,89.66666667,54.0,76.66666667,53.66666667,74.33333333,96.0,44.66666667,18.66666667,7.333333333,95.66666667,7.666666667,80.0,40.66666667,90.66666667,19.0,17.0,5.0,68.0,11.0,37.0,17.0,42.0,9,6,3,7,4,21,14,16,27.63333333,22.83333333,20.83333333,19.4,19.8,21.73333333,24.8,27.7,31.83333333,26.86666667,25.4,22.5,23.26666667,24.96666667,28.93333333,31.96666667,24.86666667,20.3,17.96666667,17.3,17.6,20.0,22.4,24.83333333,36.6,32.2,30.0,27.9,29.4,30.5,35.7,35.5,19.5,13.4,12.2,11.9,12.5,14.5,17.6,20.8,74.66666667,76.66666667,70.66666667,80.66666667,74.33333333,85.66666667,81.33333333,79.0,38,39,32,43,37,47,44,35,157.0,116.6666667,136.3333333,50.66666667,74.0,52.0,88.0,156.6666667
2018,Ha_Noi,75.33333333,87.0,70.66666667,49.0,58.0,70.33333333,69.0,102.6666667,241.6666667,10.0,50.66666667,14.66666667,7.0,38.33333333,107.6666667,220.0,77.0,5.0,26.0,6.0,4.0,23.0,78.0,109.0,18,7,9,13,11,9,11,17,25.6,22.36666667,17.63333333,17.93333333,17.33333333,22.56666667,24.13333333,29.0,29.16666667,26.06666667,20.83333333,20.56666667,20.0,26.2,27.8,33.83333333,23.33333333,19.93333333,15.53333333,16.1,15.53333333,20.06666667,21.83333333,25.63333333,34.0,33.6,26.0,28.2,26.2,30.7,32.5,39.4,18.0,13.6,8.6,8.6,9.7,13.5,14.6,23.3,80.33333333,75.0,74.33333333,81.33333333,73.66666667,80.33333333,81.0,79.0,37,29,20,34,26,33,29,39,93.66666667,81.33333333,74.33333333,30.66666667,30.66666667,96.33333333,66.33333333,221.3333333
2019,Ha_Noi,86.33333333,71.33333333,56.33333333,43.66666667,52.33333333,56.33333333,64.0,73.33333333,115.0,39.33333333,94.33333333,16.66666667,27.66666667,14.66666667,146.0,86.66666667,45.0,24.0,34.0,7.0,21.0,8.0,119.0,40.0,11,8,13,9,12,12,16,19,25.6,23.7,19.36666667,17.7,22.16666667,22.26666667,27.06666667,27.73333333,29.96666667,28.0,23.26666667,20.6,26.0,25.66666667,31.0,31.43333333,23.06666667,21.1,17.23333333,15.76666667,19.93333333,20.23333333,24.66666667,25.3,34.1,31.8,30.7,28.3,32.7,31.8,38.0,41.3,19.4,15.7,8.3,10.2,14.0,15.6,19.2,20.5,76.33333333,78.33333333,81.33333333,82.33333333,82.66666667,83.33333333,84.66666667,81.66666667,34,20,38,47,51,48,36,40,149.3333333,127.6666667,98.0,28.0,85.33333333,45.33333333,105.0,101.6666667
2020,Ha_Noi,81.66666667,73.0,79.66666667,35.33333333,45.0,45.66666667,48.0,83.66666667,95.33333333,47.0,5.0,113.0,21.33333333,160.3333333,102.6666667,146.0,48.0,22.0,2.0,92.0,7.0,120.0,51.0,53.0,15,8,8,16,12,19,16,13,26.13333333,22.86666667,18.9,19.33333333,19.33333333,23.0,22.0,29.66666667,30.6,27.0,23.33333333,22.36666667,22.6,26.13333333,25.56666667,33.93333333,23.4,20.16666667,16.2,17.13333333,17.36666667,21.06666667,19.73333333,26.2,35.1,30.9,29.0,28.5,29.2,34.9,32.0,40.9,17.6,16.3,9.1,11.0,13.6,15.3,14.2,22.2,78.33333333,76.66666667,75.0,81.0,82.66666667,84.33333333,83.33333333,78.0,30,35,23,27,30,45,40,39,138.6666667,134.3333333,133.3333333,50.0,55.0,47.33333333,61.0,184.3333333
2001,Hai_Duong,78.8,127.6,109.2,72.6,60.1,56.35,52.95,84.85,235.65,1.35,0.95,11.65,13.65,181.25,77.9,182.4,80.6,1.5,0.7,6.3,11.2,120.4,58.0,68.5,13,3,3,15,14,18,17,17,24.7,21.0,19.75,17.95,17.05,20.8,23.75,26.65,28.7,25.75,24.25,21.2,19.8,23.5,26.8,30.6,22.35,17.4,16.8,15.9,15.05,18.95,21.75,24.0,34.2,29.7,28.6,27.4,25.9,30.1,33.7,36.1,16.7,10.8,10.5,10.3,10.9,12.9,14.8,21.0,85.0,74.0,75.5,83.0,83.5,89.0,90.5,84.5,39,26,45,35,35,29,52,40,157.55,180.65,122.65,46.4,29.5,50.55,67.25,148.65
2002,Hai_Duong,81.0,105.55,77.05,78.75,49.4,68.65,75.4,73.4,172.6,77.95,49.3,12.85,8.0,7.95,77.15,257.55,64.2,89.9,26.9,7.6,4.0,3.0,42.0,72.3,16,7,11,6,13,14,11,18,25.65,20.55,17.0,16.85,18.8,21.75,24.95,26.95,29.6,25.85,20.6,21.1,21.45,24.6,28.35,30.9,23.15,16.75,14.65,14.6,17.15,19.95,22.8,24.4,36.4,31.5,27.8,26.1,27.1,29.0,33.0,36.1,19.5,10.8,6.8,10.4,11.1,14.4,14.2,21.1,84.5,77.0,81.5,85.0,92.0,90.0,92.0,90.0,48,31,32,54,63,47,56,59,125.75,194.55,86.7,92.0,26.0,34.0,92.0,155.0
2003,Hai_Duong,98.35,83.25,60.25,81.15,66.3,89.25,85.05,103.45,186.15,67.85,41.45,39.35,28.35,15.8,102.4,156.85,144.0,19.0,22.0,21.0,23.4,11.0,46.0,42.5,9,12,7,6,9,10,13,21,24.95,20.55,18.35,16.45,20.15,20.95,25.35,28.05,29.4,24.35,21.75,20.45,23.3,24.35,28.95,32.0,21.15,18.0,16.4,13.65,18.15,19.0,23.15,25.35,33.0,31.5,29.9,27.1,28.5,35.2,33.9,38.2,17.0,12.7,6.2,7.3,10.9,13.2,18.6,19.2,83.0,86.0,90.0,84.0,91.0,87.0,86.0,89.0,27,28,60,41,47,45,53,50,153.0,103.0,61.0,125.0,80.0,75.0,129.0,175.0
2004,Hai_Duong,126.45,110.25,129.85,76.0,65.95,71.85,64.85,87.5,59.35,2.8,3.25,12.7,30.15,35.8,96.85,232.35,71.0,4.0,4.0,8.0,16.3,7.9,54.2,86.8,4,2,2,10,11,16,17,22,25.5,22.8,17.65,16.7,17.35,19.95,23.6,25.85,30.05,27.55,22.7,19.95,21.1,22.75,27.45,29.85,22.55,19.55,14.4,14.45,14.9,18.15,21.25,23.05,32.7,32.5,29.0,27.3,25.8,29.9,31.2,35.7,18.9,13.1,8.0,9.4,6.6,13.7,15.7,17.0,81.0,80.0,75.0,83.0,87.0,89.0,89.0,87.0,40,43,28,35,43,40,45,61,175.0,141.0,136.0,32.0,60.0,33.0,80.0,143.0
2005,Hai_Duong,137.85,104.6,118.75,80.45,51.6,69.1,72.6,113.1,0.95,13.15,37.75,8.45,42.8,28.85,13.55,143.1,1.4,7.0,38.0,3.8,29.7,12.3,6.0,32.0,3,6,4,8,15,19,13,14,24.8,22.25,18.7,16.1,17.75,18.85,23.75,28.5,30.0,27.0,23.75,19.05,20.2,21.75,26.95,32.85,21.4,19.1,15.0,14.2,15.95,16.8,21.65,25.65,33.6,31.5,28.2,26.7,26.7,28.9,34.5,36.7,18.6,12.3,8.8,7.1,10.2,10.3,17.1,22.2,77.0,79.0,78.0,81.0,88.0,86.0,88.0,85.0,38,31,30,39,55,44,65,60,154.0,121.0,158.0,24.0,14.0,30.0,76.0,209.0
2006,Hai_Duong,110.85,89.5,121.3,99.2,56.95,56.95,84.9,111.9,14.5,115.8,33.0,4.25,21.75,41.5,20.75,165.1,20.0,66.0,32.0,3.4,11.4,19.0,24.0,98.7,5,8,8,4,15,24,6,17,25.25,22.15,16.85,17.65,18.25,19.85,24.6,27.0,30.0,26.0,20.45,21.05,21.1,22.55,28.0,31.5,22.8,19.55,14.3,15.35,16.35,18.1,22.35,24.0,34.2,31.2,28.0,27.9,27.9,27.8,33.5,36.1,16.6,12.7,7.4,10.0,11.0,10.0,15.2,17.6,80.0,82.0,73.0,79.0,87.0,88.0,86.0,84.0,44,44,29,43,64,41,52,43,138.0,136.0,53.0,74.0,26.0,16.0,95.0,166.0
2007,Hai_Duong,98.7,107.0,107.9,110.95,69.5,42.4,79.0,85.65,27.05,111.45,0.8,1.0,20.05,32.2,70.15,194.95,7.7,54.0,1.0,1.0,16.0,18.0,29.0,79.4,7,7,1,3,6,17,11,16,26.85,24.15,18.1,16.45,21.4,20.7,22.8,26.6,31.6,29.15,22.55,20.2,24.7,22.55,26.65,31.05,23.65,20.8,14.75,13.75,19.0,19.0,20.3,23.2,33.5,32.5,29.5,26.5,29.0,27.7,33.9,37.0,21.1,16.3,9.4,8.4,9.9,11.3,12.7,19.5,82.0,80.0,79.0,70.5,81.5,81.5,81.0,83.5,45,31,32,22,27,56,37,30,129.0,145.0,114.0,67.75,51.85,5.05,76.25,149.65
2008,Hai_Duong,101.85,130.5,76.55,72.7,78.85,58.25,60.2,89.75,125.4,11.7,16.1,37.6,20.25,45.6,55.45,156.8,36.0,12.5,14.4,19.0,6.2,37.8,43.0,56.0,11,2,5,9,12,13,15,12,25.25,20.65,19.65,14.6,13.25,20.7,24.1,26.55,29.3,25.75,23.35,18.15,16.0,24.3,27.3,30.75,21.9,16.55,17.8,12.2,11.15,18.25,22.15,23.75,32.8,29.7,28.5,27.7,26.2,27.2,32.5,36.2,18.7,9.3,13.5,6.1,5.6,9.3,16.5,19.4,79.5,75.0,82.5,80.0,71.5,84.5,86.0,83.5,40,24,41,25,35,26,47,43,119.25,188.25,39.7,63.05,30.7,64.35,68.35,162.9
2009,Hai_Duong,88.75,96.25,93.65,99.4,54.6,52.35,68.35,83.95,24.05,317.55,16.55,0.4,10.85,45.8,91.8,220.4,14.6,175.0,16.0,1.0,4.0,33.0,37.0,73.1,10,8,2,2,8,16,18,14,26.3,20.95,17.8,15.4,21.55,20.55,23.9,26.5,30.7,25.15,22.4,19.95,25.65,23.45,27.05,30.1,23.65,18.1,14.5,12.3,19.6,18.8,21.7,24.1,33.9,29.4,27.1,25.4,31.3,30.7,34.5,33.2,21.3,10.2,10.9,6.5,13.8,11.6,15.2,20.6,81.5,75.0,74.0,72.0,88.0,86.0,85.5,83.5,47,30,38,19,49,35,38,45,116.95,146.2,130.35,107.4,77.9,51.7,87.7,153.55
2010,Hai_Duong,104.25,131.8,89.75,50.45,66.25,76.55,52.2,77.75,78.5,1.2,8.75,119.6,6.0,4.05,73.05,158.0,63.3,2.0,6.0,37.5,5.0,1.1,20.0,65.0,8,2,7,13,7,10,22,12,26.2,21.1,19.35,17.65,20.15,21.15,23.0,27.7,30.55,25.85,23.05,20.5,23.5,24.15,25.95,31.3,23.4,18.1,17.0,15.65,18.3,19.35,21.0,25.6,34.2,34.0,29.5,27.7,33.2,30.0,31.3,36.9,19.5,11.2,11.6,11.6,8.9,12.8,13.9,21.5,79.0,69.0,77.0,84.5,82.5,82.0,88.0,86.0,33,30,39,39,41,33,45,54,134.85,147.6,68.9,26.5,81.1,33.15,53.85,122.45
2011,Hai_Duong,129.25,109.65,79.65,79.0,47.0,50.0,60.0,79.0,26.55,4.65,7.1,3.55,10.4,88.05,42.8,151.1,10.0,3.0,2.1,2.0,3.3,27.0,28.0,84.7,11,3,7,5,14,20,13,14,24.8,21.65,19.05,12.3,17.45,16.75,23.2,26.3,28.95,26.4,23.15,14.8,21.2,19.45,26.7,30.8,22.1,18.3,16.15,10.55,15.35,14.75,21.0,23.45,33.6,30.2,28.1,20.7,29.2,27.0,30.8,35.5,14.0,13.5,8.5,6.1,9.0,7.9,16.8,20.2,73.5,71.5,76.5,71.0,83.0,83.0,85.0,82.0,32,30,24,32,49,53,52,46,141.1,111.45,80.05,11.0,48.0,13.0,65.0,165.0
2012,Hai_Duong,66.0,82.0,79.0,31.0,33.0,48.0,71.0,72.0,79.15,44.5,11.15,28.55,12.2,24.1,49.85,255.45,21.9,40.0,9.0,6.7,4.0,11.1,37.0,64.0,12,5,5,20,19,18,4,17,23.95,23.3,16.85,14.4,16.0,20.0,25.35,28.25,27.55,27.95,20.75,16.55,18.65,22.4,28.95,32.3,21.4,20.1,14.0,12.8,14.15,18.3,23.1,25.55,32.5,32.0,24.5,23.5,27.0,28.4,37.0,37.7,17.9,16.3,7.5,7.0,9.0,11.2,17.8,22.4,83.0,81.0,71.0,87.0,87.0,86.0,85.0,85.0,44,45,31,60,56,47,51,57,97.0,134.0,97.0,1.0,12.0,13.0,94.0,179.0
2013,Hai_Duong,96.0,70.0,57.0,48.0,41.0,63.0,59.0,77.0,156.8,67.9,42.1,8.9,9.65,24.0,32.4,339.5,109.0,36.0,47.0,4.0,3.0,11.5,17.0,117.0,11,10,13,11,12,12,11,18,25.9,22.85,18.4,15.05,19.6,23.2,24.35,27.95,30.2,26.55,21.75,17.65,23.1,26.7,27.9,32.65,23.15,20.35,16.35,13.35,17.55,21.15,22.3,24.85,32.9,33.0,30.0,26.0,28.1,31.5,34.7,39.0,20.9,13.8,10.4,7.6,11.8,14.2,16.8,21.2,81.0,83.0,82.0,83.0,87.0,85.0,84.0,83.0,45,39,40,50,60,52,49,48,128.0,101.0,37.0,13.0,35.0,68.0,74.0,166.0
2014,Hai_Duong,114.0,94.0,89.0,85.0,50.0,26.0,51.0,100.0,27.7,50.5,22.45,1.05,23.85,93.15,93.75,40.8,17.4,40.9,12.0,1.0,5.0,44.0,45.0,14.0,6,8,6,2,18,27,20,12,25.0,22.2,15.3,16.9,16.7,19.6,24.95,28.55,29.6,26.0,20.4,21.95,19.5,21.85,27.4,33.05,22.0,19.85,11.75,13.5,14.85,18.15,23.4,25.7,34.0,32.0,26.5,26.5,28.5,29.5,32.0,38.0,17.0,14.2,6.4,6.8,7.7,12.7,19.2,18.2,76.0,77.0,76.0,79.0,84.0,93.0,90.0,83.0,34,37,37,21,46,71,76,50,149.0,77.0,179.0,125.0,25.0,7.0,14.0,199.0
2015,Hai_Duong,102.0,70.0,95.0,65.0,39.0,29.0,72.0,91.0,162.45,26.1,27.55,43.0,36.0,42.0,11.0,136.0,113.0,12.8,18.2,23.0,33.0,6.0,7.0,41.0,9,6,5,6,7,18,7,10,26.35,22.35,16.6,17.33548387,18.9125,21.47096774,24.605,29.49516129,31.0,26.35,20.7,21.5,21.4,24.0,28.8,33.8,23.25,19.9,13.75,14.7,17.2,19.0,22.2,26.9,35.5,32.4,25.6,24.8,27.4,29.2,35.7,38.3,19.6,15.5,8.7,10.0,10.3,15.1,15.5,23.1,79.0,83.0,72.0,81.0,86.0,92.0,83.0,83.0,39,48,30,35,50,69,38,51,153.0,98.0,104.0,120.0,23.0,24.0,125.0,222.0
2016,Hai_Duong,97.0,82.0,52.0,43.0,82.0,63.0,54.0,82.0,51.0,248.0,66.0,112.0,5.0,23.0,134.0,240.0,23.0,93.0,22.0,39.0,4.0,16.0,29.0,167.0,6,13,13,16,3,12,18,8,26.00161291,23.83333334,17.88709678,16.67258065,16.03793104,19.82741936,25.0,28.06451613,30.7,27.4,20.9,19.5,19.8,22.3,27.5,31.2,23.4,21.8,16.0,14.9,13.7,18.2,23.2,26.0,33.9,33.5,30.6,28.0,31.5,26.0,31.0,35.1,18.6,13.8,11.6,5.4,9.5,12.8,18.4,22.9,79.0,86.0,84.0,87.0,75.0,84.0,87.0,81.0,47,53,51,48,36,41,64,40,171.0,102.0,52.0,43.0,96.0,26.0,51.0,142.0
2017,Hai_Duong,143.8,107.0,120.0,75.0,99.0,66.0,89.0,113.0,61.0,9.0,6.0,43.0,24.0,96.0,54.0,131.0,38.0,5.0,3.0,25.0,24.0,50.0,22.0,58.0,8,5,8,10,3,17,8,11,27.28064516,22.495,20.50806452,19.21612903,19.39464286,21.46612903,24.345,27.21774194,31.5,26.9,24.8,22.8,23.1,24.3,27.8,31.0,24.5,19.8,17.2,17.0,17.1,19.8,22.0,24.6,34.2,32.5,28.8,27.5,27.5,28.7,35.5,34.0,19.8,13.3,11.8,10.9,13.2,15.2,17.4,20.5,81.0,80.0,76.0,81.0,76.0,85.0,82.0,82.0,47,43,34,51,38,46,51,38,184.0,117.0,132.0,62.0,85.0,31.0,72.0,175.0
2018,Hai_Duong,89.0,89.0,87.0,62.0,74.0,83.0,69.0,102.0,211.0,8.0,31.0,13.0,1.0,26.0,37.0,334.0,74.0,4.0,19.0,5.0,1.0,13.0,16.0,92.0,13,8,6,9,13,12,13,15,25.18709678,21.63,17.38064516,17.62741936,17.11071429,21.86290323,23.67833333,28.63064516,28.8,25.3,20.5,20.1,19.9,25.2,26.9,32.7,22.9,19.1,14.9,15.7,15.3,19.6,21.6,25.9,32.6,31.5,25.2,26.5,25.2,30.6,30.7,36.3,18.1,12.7,8.4,8.5,9.5,13.2,14.8,22.4,82.0,79.0,76.0,83.0,75.0,84.0,85.0,85.0,45,44,28,37,30,37,39,55,138.0,65.0,81.0,25.0,33.0,83.0,74.0,228.0
2019,Hai_Duong,94.0,83.0,66.0,54.0,51.0,45.0,56.0,81.0,96.0,44.0,53.0,17.0,18.0,13.0,231.0,84.0,50.0,21.0,18.0,5.0,11.0,4.0,82.0,49.0,10,6,11,9,7,9,12,13,25.30806451,23.405,18.84032258,17.5,21.8,22.1,26.8,27.7,29.4,27.7,22.5,20.2,24.9,24.7,29.8,30.6,22.7,20.5,16.8,15.4,20.0,20.1,24.4,25.4,32.8,31.2,30.0,26.7,29.3,29.3,34.6,39.1,19.8,15.0,8.0,9.5,12.9,15.4,19.4,21.5,85.0,86.0,88.0,87.0,88.0,88.0,88.0,86.0,40,34,51,57,65,59,67,49,172.0,156.0,113.0,34.0,71.0,40.0,107.0,119.0
2020,Hai_Duong,103.0,97.0,99.0,71.0,61.0,52.0,53.0,108.0,59.0,35.0,3.0,63.0,16.0,116.0,73.0,28.0,24.0,13.0,2.0,53.0,5.0,69.0,25.0,6.0,11,7,6,10,10,16,15,9,26.1,22.7,18.9,19.0,20.0,23.0,22.0,29.0,30.4,27.2,23.5,22.3,22.9,25.4,25.1,33.2,23.4,19.6,15.7,17.1,17.5,21.0,19.7,26.2,33.9,31.3,27.8,27.2,28.2,32.2,30.5,39.4,17.6,17.2,8.8,10.9,13.5,15.2,14.5,23.4,83.0,80.0,79.0,86.0,87.0,91.0,86.0,82.0,39,38,29,42,38,55,48,48,141.0,146.0,153.0,54.0,69.0,33.0,43.0,176.0
2001,Hung_Yen,76.5,100.4,88.4,70.3,56.9,68.1,69.4,97.2,172.8,3.6,0.9,49.1,27.0,116.4,33.8,235.9,62.0,2.1,0.3,34.2,13.2,30.1,17.3,51.1,11,6,5,13,16,21,14,13,24.4,20.6,19.5,18.0,16.8,20.6,23.7,26.4,28.2,25.2,23.8,21.3,19.4,23.5,27.2,30.5,22.4,17.6,17.0,15.7,15.1,18.8,21.8,23.7,32.9,29.0,27.4,29.2,24.8,29.7,35.4,36.3,17.4,11.8,11.3,10.3,11.1,13.5,15.3,21.4,86.0,78.0,78.0,85.0,87.0,91.0,92.0,88.0,47,40,40,43,49,54,60,54,133.8,158.5,107.0,58.3,30.7,62.1,70.2,144.7
2002,Hung_Yen,71.5,86.0,63.5,75.5,47.9,64.4,67.3,78.1,368.6,51.6,57.8,1.9,21.7,8.8,42.6,269.6,100.2,17.5,26.5,1.0,7.0,2.0,13.0,71.0,15,8,10,4,14,13,10,15,25.4,20.3,17.0,17.2,18.6,21.7,24.8,27.0,29.2,25.4,20.4,20.9,20.9,24.7,28.5,30.8,23.2,17.1,14.8,14.8,17.1,17.7,22.9,24.6,32.6,30.7,27.9,26.8,26.5,28.4,31.6,35.9,20.6,12.3,8.1,10.4,11.3,14.7,15.8,21.6,88.0,82.0,86.0,83.0,91.0,88.0,89.0,87.0,54,42,49,46,62,46,52,56,106.9,193.1,69.1,83.0,22.0,33.0,105.0,155.0
2003,Hung_Yen,81.7,72.4,64.0,47.2,45.8,56.4,54.8,78.3,212.2,50.5,30.9,24.5,41.4,35.2,74.8,215.5,89.0,12.0,16.0,11.0,21.0,17.0,47.0,113.0,12,11,9,7,6,10,11,11,24.7,20.6,18.7,16.4,20.1,21.3,25.5,28.4,29.2,24.3,21.6,20.0,23.5,24.7,29.3,32.5,21.9,18.1,16.9,13.7,18.2,19.2,23.3,25.7,33.7,31.7,30.2,26.6,27.9,37.6,34.7,37.7,17.7,12.7,6.8,7.4,11.2,12.7,19.1,20.4,84.0,85.0,88.0,84.0,89.0,86.0,88.0,86.0,43,38,52,45,43,27,57,49,144.0,94.0,65.0,114.0,74.0,79.0,128.0,184.0
2004,Hung_Yen,76.2,72.7,68.9,68.7,56.6,66.5,69.0,77.1,20.3,7.4,4.9,8.1,36.8,35.3,77.9,186.6,8.0,5.0,4.0,2.0,11.0,13.0,24.0,45.0,6,2,3,12,11,16,13,16,25.6,22.8,17.1,16.6,16.9,20.0,23.4,25.8,30.2,27.1,21.6,19.5,20.3,22.8,27.2,29.9,22.6,19.9,14.0,14.6,14.6,18.2,21.7,23.2,33.6,31.0,27.3,26.5,24.7,31.8,30.8,34.5,19.5,14.3,8.4,6.9,6.2,13.6,16.2,18.2,81.0,80.0,79.0,84.0,89.0,89.0,91.0,88.0,41,46,40,45,49,50,65,58,162.0,117.0,95.0,26.0,56.0,40.0,81.0,145.0
2005,Hung_Yen,99.1,72.9,79.5,58.6,43.5,54.7,59.6,90.2,1.4,17.2,26.6,12.4,51.2,24.8,11.4,89.0,1.0,6.0,17.0,5.0,29.0,8.0,3.0,29.0,1,4,6,10,19,19,15,13,24.8,22.1,18.4,15.8,17.6,18.6,23.2,28.4,29.4,26.4,23.3,18.6,19.8,21.6,26.7,32.7,21.6,19.2,15.1,14.0,15.9,16.8,21.4,25.6,32.5,30.6,26.8,25.4,25.7,27.0,35.8,36.5,19.7,13.3,9.6,6.2,10.2,11.3,16.7,23.0,78.0,82.0,82.0,85.0,92.0,86.0,88.0,85.0,43,40,39,42,57,41,54,56,101.0,128.0,146.0,30.0,6.0,29.0,70.0,200.0
2006,Hung_Yen,87.2,68.1,82.0,70.0,43.7,46.0,74.6,102.1,17.0,190.7,36.9,2.4,27.8,34.7,22.0,114.7,11.0,103.0,26.0,10.0,10.0,6.0,6.0,31.0,5,7,4,4,15,19,8,13,25.7,22.2,16.5,17.6,18.2,19.8,24.7,27.1,29.4,25.5,19.6,20.7,20.5,22.2,28.7,31.4,23.2,20.0,14.5,14.9,16.6,18.1,22.4,24.3,33.2,30.7,28.2,27.3,26.4,26.0,37.0,34.6,18.0,13.7,9.2,9.5,11.7,11.0,16.1,19.1,77.0,78.0,70.0,77.0,85.0,84.0,82.0,80.0,43,41,35,45,62,39,46,37,115.0,113.0,57.0,64.0,27.0,22.0,97.0,180.0
2007,Hung_Yen,88.2,87.7,85.3,84.6,51.4,38.7,68.5,102.8,18.3,66.1,0.7,1.3,33.5,35.1,65.1,145.0,8.0,37.0,1.0,0.8,27.0,12.0,38.0,51.0,10,8,1,5,8,17,9,17,26.6,24.1,17.6,16.3,21.2,20.7,22.8,26.5,30.7,28.6,21.8,19.9,24.3,23.1,26.7,30.8,24.1,21.2,14.7,13.8,19.1,19.2,20.6,23.6,32.5,31.7,28.5,24.9,27.6,28.3,35.0,37.5,22.4,17.4,9.8,9.0,11.0,11.2,13.5,19.6,83.0,82.0,75.0,68.0,84.0,75.0,83.0,83.0,50,28,30,21,24,53,55,48,129.0,135.0,95.0,53.0,46.0,9.0,74.0,155.0
2008,Hung_Yen,78.5,95.0,55.2,62.9,56.6,51.2,62.0,94.5,173.4,12.6,9.8,39.9,15.1,36.8,33.1,99.9,46.0,12.0,4.0,13.0,6.0,17.0,11.0,22.0,10,2,9,10,10,12,13,10,25.1,20.4,20.0,14.6,13.2,20.5,24.0,26.8,29.1,25.5,23.1,18.1,15.6,23.9,27.3,30.9,22.6,16.7,17.3,12.3,11.4,18.1,22.0,24.2,32.6,28.8,27.8,28.5,25.3,28.4,32.6,36.2,18.6,11.0,13.8,7.0,6.1,10.2,17.4,20.0,81.0,87.0,86.0,83.0,76.0,87.0,88.0,83.0,45,33,48,36,46,35,55,51,98.0,169.0,32.0,62.0,26.0,55.0,63.0,156.0
2009,Hung_Yen,96.3,103.4,100.9,98.3,58.7,67.5,75.8,96.8,237.7,190.4,19.3,4.6,5.6,57.0,182.0,165.7,127.0,77.0,16.0,1.0,3.0,32.0,99.0,40.0,13,8,4,6,10,15,14,17,26.0,20.9,17.9,15.3,21.9,20.5,23.8,25.6,29.8,24.7,21.9,19.4,25.5,23.4,27.2,30.0,23.7,18.3,15.0,12.6,19.7,18.5,21.8,24.3,32.7,29.2,25.7,25.0,31.7,31.7,35.5,32.7,21.4,11.3,11.8,7.8,15.3,12.6,16.0,21.9,84.0,80.0,79.0,77.0,90.0,88.0,89.0,87.0,51,36,45,32,60,35,49,55,83.0,138.0,98.0,109.0,74.0,42.0,81.0,148.0
2010,Hung_Yen,97.8,139.1,88.4,49.3,71.4,88.6,59.4,101.6,105.8,3.8,3.5,95.0,9.2,6.6,39.8,80.2,33.0,3.0,2.0,42.0,3.0,3.0,5.0,41.0,9,3,5,14,11,11,19,12,26.0,21.1,19.4,17.5,20.3,21.3,23.0,28.2,30.1,25.5,23.0,20.5,23.8,24.6,26.1,32.2,23.4,18.4,17.3,15.5,17.9,19.2,20.9,25.6,33.4,33.5,29.4,27.0,33.6,31.6,31.6,37.6,20.1,12.5,13.0,11.7,8.7,13.5,14.0,21.7,82.0,72.0,82.0,88.0,86.0,84.0,89.0,86.0,44,36,47,48,44,37,55,52,132.0,142.0,71.0,31.0,83.0,45.0,46.0,137.0
2011,Hung_Yen,139.1,112.8,89.5,87.0,52.0,64.0,77.0,102.0,36.4,2.7,6.7,4.0,15.0,59.0,61.0,130.0,23.0,2.0,2.0,1.0,6.0,17.0,52.0,49.0,9,2,5,6,11,14,9,13,24.8,21.6,19.1,12.4,17.3,16.6,23.1,26.5,28.7,25.8,23.0,14.5,20.3,19.1,26.4,30.7,22.1,18.4,16.5,10.7,15.5,14.7,20.8,23.7,33.1,28.9,27.0,19.8,26.5,25.5,31.4,35.2,13.6,14.4,10.0,7.1,10.2,8.2,16.7,19.8,76.0,76.0,81.0,75.0,88.0,87.0,88.0,84.0,30,34,38,37,49,53,52,49,121.0,90.0,80.0,11.0,32.0,12.0,66.0,163.0
2012,Hung_Yen,88.0,81.0,112.0,36.0,43.0,61.0,81.0,86.0,50.0,40.0,11.0,18.0,11.0,15.0,97.0,330.0,11.0,31.0,8.0,4.0,2.0,3.0,59.0,148.0,12,5,3,20,10,16,5,16,24.0,23.3,16.9,14.2,15.8,19.6,25.4,28.4,27.0,27.2,20.3,16.0,18.5,21.9,29.1,32.3,21.9,20.5,14.5,12.8,14.2,18.2,23.0,25.8,32.5,30.9,23.5,20.7,25.5,28.1,36.0,37.5,18.0,17.5,9.1,8.0,9.0,13.0,18.9,22.8,86.0,83.0,73.0,92.0,90.0,89.0,86.0,86.0,46,46,33,61,58,44,44,48,73.0,97.0,76.0,2.0,11.0,14.0,87.0,146.0
2013,Hung_Yen,99.0,88.0,80.0,65.0,46.0,70.0,73.0,100.0,111.0,139.0,32.0,12.0,25.0,19.0,38.0,223.0,47.0,71.0,20.0,4.0,7.0,9.0,14.0,52.0,9,8,10,13,15,13,11,16,26.1,23.1,18.7,15.1,19.7,23.2,24.3,28.4,29.8,26.6,21.9,17.3,22.7,26.2,27.7,32.8,23.9,20.7,16.8,13.7,17.8,21.4,22.3,25.4,32.0,33.7,29.3,23.7,28.0,30.0,32.7,38.4,21.5,14.0,11.2,8.6,11.6,14.2,16.4,21.0,82.0,85.0,83.0,84.0,89.0,86.0,86.0,82.0,41,37,38,48,55,48,54,46,100.0,103.0,38.0,11.0,38.0,42.0,52.0,123.0
2014,Hung_Yen,124.0,87.0,93.0,93.0,42.0,25.0,47.0,98.0,69.0,63.0,21.0,2.0,27.0,80.0,160.0,256.0,40.0,41.0,13.0,2.0,4.0,12.0,99.0,87.0,8,9,3,1,18,27,17,13,25.2,22.2,15.6,17.2,16.9,19.6,25.1,28.7,28.0,25.2,19.8,21.6,19.4,22.0,27.5,33.3,22.6,20.2,12.6,14.2,15.1,18.1,23.5,25.8,32.7,30.1,25.3,25.8,26.3,28.8,31.8,37.7,18.6,15.0,7.6,8.8,7.9,13.4,19.0,19.4,78.0,79.0,77.0,77.0,84.0,91.0,89.0,81.0,29,36,37,18,42,68,63,47,122.0,55.0,166.0,123.0,29.0,12.0,39.0,188.0
2015,Hung_Yen,95.0,58.0,79.0,56.0,39.0,30.0,81.0,108.0,167.0,69.0,26.0,40.0,64.0,78.0,34.0,171.0,88.0,27.0,12.0,23.0,56.0,21.0,14.0,72.0,9,8,5,5,11,22,8,8,26.5,22.7,17.0,17.6,18.9,21.6,24.8,30.0,30.8,26.0,20.6,21.5,21.2,23.9,28.8,34.9,23.8,20.4,14.5,15.1,17.4,19.9,22.3,27.1,35.3,31.6,26.1,26.1,28.0,30.2,35.3,39.4,21.3,16.6,10.1,10.2,10.8,14.8,16.1,23.9,79.0,84.0,74.0,82.0,84.0,91.0,82.0,80.0,39,52,30,37,45,69,38,45,150.0,89.0,88.0,102.0,22.0,25.0,123.0,212.0
2016,Hung_Yen,93.0,63.0,51.0,35.0,70.0,37.0,40.0,78.0,60.0,136.0,47.0,121.0,6.0,29.0,122.0,279.0,29.0,33.0,10.0,48.0,3.0,10.0,36.0,118.0,5,18,15,17,5,17,18,9,26.4,24.2,18.0,16.8,16.3,19.7,24.9,28.3,30.7,27.8,21.4,19.6,20.1,22.3,27.9,32.0,23.9,22.1,16.0,15.1,13.8,18.1,22.9,25.9,33.7,34.2,31.6,29.2,33.0,25.5,32.2,36.5,19.0,14.7,12.6,5.5,9.8,13.1,19.2,22.4,79.0,85.0,83.0,88.0,75.0,89.0,89.0,83.0,47,53,45,45,34,37,66,42,150.0,106.0,51.0,34.0,99.0,21.0,51.0,142.0
2017,Hung_Yen,100.6,78.0,80.0,50.0,71.0,47.0,65.0,85.0,53.0,9.0,1.0,92.0,3.0,80.0,159.0,45.0,22.0,6.0,1.0,59.0,2.0,21.0,68.0,24.0,11,4,1,11,4,21,10,11,27.3,22.7,20.7,19.3,19.7,21.5,24.3,27.4,31.1,26.9,24.8,22.6,22.9,24.4,28.4,31.3,24.8,20.3,18.1,17.3,17.6,19.9,22.3,25.0,34.1,32.7,29.0,28.2,28.7,28.8,35.5,34.6,20.0,13.8,12.2,12.2,13.1,15.4,18.0,21.6,79.0,78.0,75.0,83.0,75.0,86.0,84.0,82.0,43,40,33,52,38,40,46,43,163.0,120.0,111.0,52.0,72.0,30.0,84.0,161.0
2018,Hung_Yen,73.0,85.0,71.0,43.0,58.0,60.0,64.0,92.0,471.0,20.0,33.0,26.0,10.0,32.0,83.0,236.0,121.0,5.0,15.0,9.0,3.0,12.0,37.0,105.0,16,9,9,13,10,10,8,15,25.2,21.8,17.3,17.6,17.0,22.0,23.8,28.7,28.5,25.2,20.2,20.0,19.5,25.3,27.2,33.2,23.1,19.6,15.4,15.9,15.2,19.9,21.7,26.0,32.0,32.4,25.5,27.4,25.2,31.0,31.0,36.8,18.2,13.4,8.8,8.2,10.4,14.2,15.8,22.6,83.0,79.0,78.0,85.0,78.0,84.0,84.0,80.0,44,42,25,35,31,34,39,46,108.0,64.0,72.0,23.0,37.0,78.0,71.0,240.0
2019,Hung_Yen,84.0,70.0,58.0,48.0,48.0,45.0,58.0,64.0,128.0,56.0,60.0,28.0,17.0,31.0,205.0,154.0,81.0,17.0,15.0,9.0,7.0,19.0,57.0,52.0,10,8,9,11,9,15,13,17,25.5,23.6,19.3,17.8,22.2,22.2,27.0,27.9,29.6,27.8,22.8,20.5,25.6,25.2,30.5,31.3,23.1,21.2,17.2,15.9,20.2,20.3,24.8,25.7,33.5,31.0,30.3,27.0,31.0,30.2,38.2,40.7,19.3,15.4,8.6,10.6,13.6,15.8,20.2,21.5,82.0,84.0,85.0,86.0,86.0,87.0,86.0,84.0,42,36,51,51,55,53,48,42,153.0,147.0,99.0,26.0,83.0,31.0,97.0,117.0
2020,Hung_Yen,77.0,71.0,74.0,47.0,48.0,38.0,45.0,90.0,198.0,56.0,7.0,122.0,26.0,68.0,65.0,60.0,56.0,25.0,4.0,96.0,14.0,32.0,19.0,22.0,14,6,5,13,12,20,17,10,25.9,22.6,18.8,19.0,20.0,23.0,22.0,29.0,30.0,26.4,23.1,22.5,22.9,25.7,25.1,33.6,23.5,20.2,15.5,17.3,17.6,21.0,19.8,26.5,35.1,30.0,27.9,29.0,28.0,34.3,31.3,40.5,18.1,17.6,10.4,11.6,13.3,15.2,15.0,23.3,82.0,82.0,79.0,86.0,86.0,90.0,88.0,81.0,38,42,27,43,36,55,45,47,141.0,129.0,142.0,57.0,59.0,33.0,47.0,178.0
2001,Nam_Dinh,63.5,88.8,77.9,53.7,43.4,45.5,46.6,79.5,98.6,1.4,1.7,15.8,22.7,117.6,27.1,200.6,33.8,1.2,1.2,4.4,7.7,31.8,5.1,53.4,13,2,3,10,9,18,14,15,24.7,20.9,19.8,18.1,17.0,20.7,23.9,26.6,28.6,25.7,24.2,21.7,19.9,23.7,27.5,30.8,22.5,17.6,17.0,16.0,15.3,18.9,21.8,24.0,33.0,29.6,28.1,29.1,26.4,30.6,35.9,36.6,17.8,12.1,11.9,10.2,11.1,13.6,15.4,21.4,87.0,79.0,79.0,86.0,88.0,90.0,90.0,85.0,45,34,40,43,49,56,60,52,145.8,147.2,91.6,57.0,35.0,46.0,65.0,150.0
2002,Nam_Dinh,61.6,81.5,45.7,56.1,30.9,48.7,62.9,78.7,336.5,87.4,51.6,4.0,19.0,19.1,46.3,365.8,126.3,33.4,15.1,2.0,4.0,5.0,30.0,95.0,12,8,11,4,21,16,8,16,25.5,20.5,17.1,17.3,18.0,21.9,25.2,27.3,29.4,25.6,20.8,21.2,21.3,24.9,29.0,31.3,23.2,17.2,14.9,15.0,17.3,20.1,23.1,25.0,32.8,30.8,28.9,27.7,26.3,28.1,32.1,36.0,20.5,12.5,8.9,10.2,11.5,15.2,16.6,22.4,87.0,81.0,87.0,84.0,90.0,87.0,87.0,85.0,56,40,44,48,61,47,48,57,111.0,186.0,66.0,75.0,19.0,34.0,107.0,164.0
2003,Nam_Dinh,69.5,57.3,44.7,54.4,44.0,60.3,73.9,78.8,194.9,57.7,71.5,38.5,18.7,25.6,25.8,180.1,64.0,20.0,30.0,22.0,9.0,13.0,11.0,61.0,16,9,12,11,7,10,13,15,25.0,20.8,18.8,16.6,20.4,21.5,25.8,28.6,29.0,24.1,21.8,20.6,23.7,24.9,29.6,32.9,22.0,18.5,16.9,14.1,18.5,19.6,23.6,26.2,33.0,32.2,30.2,26.5,27.8,35.2,35.6,38.2,18.0,13.2,7.1,7.2,12.0,13.4,19.4,20.8,85.0,83.0,88.0,84.0,89.0,85.0,85.0,85.0,43,39,52,45,51,30,54,50,144.0,89.0,59.0,104.0,65.0,66.0,140.0,184.0
2004,Nam_Dinh,89.4,87.3,85.6,46.8,37.3,43.6,45.8,66.5,36.0,2.4,2.7,7.86,42.6,29.2,71.2,188.4,35.0,1.0,2.0,3.0,16.0,6.0,14.0,84.0,3,3,4,10,11,22,17,12,26.0,23.3,18.0,17.1,17.6,20.3,24.1,26.3,30.4,27.7,21.8,20.2,21.1,22.9,27.5,30.5,23.1,20.4,14.9,15.1,15.5,18.5,21.9,23.8,33.6,31.7,28.4,27.7,26.6,32.6,30.8,35.6,19.9,14.1,8.8,8.3,7.0,15.1,16.7,18.4,78.0,77.0,75.0,83.0,87.0,85.0,86.0,72.0,40,42,28,38,44,41,60,52,159.0,118.0,87.0,26.0,62.0,52.0,73.0,143.0
2005,Nam_Dinh,79.2,74.84,72.24,44.2,25.6,43.3,48.7,98.1,35.3,311.9,16.7,14.1,22.6,27.2,38.4,73.1,33.0,8.0,5.0,6.0,4.0,7.0,23.0,42.0,5,5,7,9,19,23,11,15,25.2,22.3,18.7,16.2,17.8,18.9,23.7,29.0,29.7,26.7,23.3,19.2,20.0,21.7,26.8,33.3,21.8,19.3,15.5,14.3,16.3,17.0,21.4,26.0,32.5,31.2,27.2,25.7,26.4,27.6,34.6,37.5,19.7,13.6,9.4,7.7,10.0,11.4,17.0,23.6,78.0,82.0,80.0,83.0,91.0,87.0,88.0,82.0,42,42,34,38,62,44,58,52,120.0,113.0,140.0,33.0,9.0,31.0,69.0,190.0
2006,Nam_Dinh,90.5,68.4,80.5,65.9,36.0,38.9,66.8,100.7,63.3,210.4,18.3,2.4,34.3,28.4,24.4,220.2,59.0,91.0,14.0,1.0,18.0,5.0,9.0,65.0,6,7,13,5,17,17,10,14,25.8,22.4,16.8,18.0,18.3,19.7,24.9,27.4,29.6,25.7,19.9,21.3,20.6,22.4,29.2,31.6,23.0,20.1,14.5,15.9,16.6,18.0,22.4,23.9,33.5,31.0,28.0,27.4,26.0,27.0,35.3,34.5,18.3,13.5,9.2,10.0,11.7,11.0,15.0,20.2,81.0,83.0,76.0,80.0,89.0,89.0,85.0,82.0,46,46,31,41,66,39,50,38,109.0,125.0,49.0,65.0,20.0,18.0,104.0,185.0
2007,Nam_Dinh,88.2,86.3,87.8,86.6,48.6,32.2,70.6,93.7,39.9,26.2,6.9,5.5,45.3,69.8,43.9,174.6,21.0,12.0,6.0,4.0,23.0,9.0,13.0,73.0,11,6,2,7,8,15,8,17,26.8,24.6,18.0,16.5,21.0,21.1,23.1,26.6,31.0,29.0,22.2,20.0,24.7,23.3,27.1,31.1,25.0,21.6,15.1,14.2,19.5,19.5,20.5,23.6,32.4,33.2,28.0,25.0,28.0,29.0,35.1,38.0,21.7,18.5,9.9,10.5,12.0,11.8,13.5,19.5,83.0,81.0,78.0,63.0,83.0,73.0,85.0,87.0,52,33,31,25,26,76,51,49,143.0,148.0,81.0,62.0,54.0,12.0,87.0,149.0
2008,Nam_Dinh,69.9,105.1,54.8,50.7,55.3,49.8,59.0,88.5,124.8,10.1,33.0,60.7,21.0,30.5,38.2,164.7,34.0,10.0,13.0,21.0,9.0,9.0,19.0,43.0,9,2,8,12,13,12,12,11,25.3,20.7,20.3,15.1,13.4,20.5,24.4,27.1,29.5,25.6,23.5,18.5,15.9,24.0,27.5,31.2,22.6,16.9,18.2,12.7,11.4,18.1,22.4,24.3,32.6,29.2,29.0,28.4,25.8,29.5,33.0,36.5,19.4,10.2,13.5,7.2,6.2,10.5,17.5,19.6,78.0,85.0,84.0,85.0,79.0,87.0,87.0,82.0,44,27,52,34,43,39,56,49,97.0,162.0,35.0,68.0,30.0,65.0,76.0,164.0
2009,Nam_Dinh,72.4,89.3,79.0,67.7,40.6,40.7,47.5,69.6,240.9,204.3,22.0,4.9,3.0,114.8,214.4,249.2,133.0,79.0,18.0,2.0,1.0,45.0,134.0,66.0,11,8,5,13,7,23,12,14,26.0,21.3,18.0,15.7,21.9,20.6,23.9,26.8,29.9,25.0,22.1,19.8,25.6,23.7,27.4,30.5,23.7,18.9,15.4,13.1,19.6,18.6,21.9,24.3,32.8,30.5,26.2,24.8,32.0,32.2,35.3,31.3,21.0,12.9,11.6,8.0,15.7,13.0,16.2,21.8,86.0,79.0,79.0,78.0,88.0,89.0,89.0,86.0,54,32,43,28,62,45,51,58,90.0,122.0,90.0,100.0,72.0,45.0,73.0,154.0
2010,Nam_Dinh,88.9,110.5,68.6,33.1,49.6,62.7,43.2,68.9,65.9,5.5,16.1,113.8,7.5,8.6,42.3,189.9,26.0,3.0,11.0,37.0,4.0,6.0,7.0,121.0,10,4,5,14,10,8,19,17,26.3,21.4,19.7,17.7,20.4,21.5,23.1,28.3,30.4,25.8,23.4,20.0,24.0,24.8,26.4,32.2,23.4,18.6,17.5,15.8,18.1,19.4,21.1,25.7,33.4,34.0,29.3,26.9,35.4,31.2,31.2,37.0,20.0,13.3,13.2,11.4,9.4,13.6,14.2,22.5,82.0,73.0,81.0,89.0,85.0,83.0,90.0,85.0,38,32,47,51,25,42,62,54,124.0,136.0,93.0,33.0,87.0,48.0,58.0,155.0
2011,Nam_Dinh,114.5,97.7,65.0,62.0,36.0,41.0,55.0,78.0,56.2,0.0,6.8,6.0,13.0,83.0,38.0,180.0,18.0,0.0,3.0,2.0,4.0,29.0,18.0,101.0,10,0,4,15,8,15,14,12,24.9,22.0,19.6,12.5,17.2,16.5,23.1,26.7,28.7,26.1,23.5,14.7,20.3,19.0,26.6,30.8,22.3,19.1,16.8,10.8,15.5,14.6,21.0,24.0,33.2,29.5,27.0,20.2,27.0,25.2,30.7,35.5,14.2,15.3,10.5,7.1,10.6,8.2,16.3,20.3,77.0,76.0,81.0,76.0,86.0,86.0,84.0,82.0,32,33,40,37,53,52,48,51,118.0,78.0,72.0,70.0,39.0,16.0,56.0,160.0
2012,Nam_Dinh,58.0,71.0,84.0,27.0,26.0,37.0,66.0,77.0,147.0,22.0,13.0,41.0,23.0,23.0,102.0,167.0,42.0,6.0,6.0,8.0,5.0,5.0,66.0,33.0,16,8,9,21,18,19,12,20,24.0,23.3,17.0,14.0,16.0,19.7,25.4,28.6,27.2,27.4,20.3,15.7,18.6,22.1,29.4,32.6,21.9,20.8,14.5,12.5,14.3,17.9,23.1,25.9,32.6,31.2,23.7,21.0,24.9,27.9,36.7,38.0,18.5,18.1,9.5,7.9,9.2,12.6,19.1,22.9,85.0,81.0,73.0,92.0,91.0,89.0,85.0,84.0,53,44,27,66,65,47,47,40,66.0,91.0,68.0,5.0,11.0,12.0,108.0,173.0
2013,Nam_Dinh,80.0,56.0,45.0,34.0,33.0,54.0,55.0,100.0,174.0,78.0,36.0,16.0,29.0,24.0,39.0,141.0,67.0,24.0,30.0,5.0,6.0,10.0,25.0,41.0,9,14,21,16,14,15,11,19,26.1,23.1,18.9,15.1,19.5,23.1,24.3,28.5,30.0,26.9,22.6,17.4,22.5,26.1,27.6,33.0,23.7,20.7,17.1,13.4,17.6,21.3,22.2,25.6,32.2,33.4,29.5,23.8,27.2,30.0,32.2,39.7,20.3,14.1,12.6,8.5,12.4,13.9,15.8,21.0,82.0,87.0,85.0,87.0,90.0,87.0,88.0,83.0,44,43,43,54,60,56,55,45,108.0,110.0,43.0,13.0,42.0,46.0,71.0,176.0
2014,Nam_Dinh,100.0,67.0,78.0,67.0,24.0,22.0,44.0,105.0,116.0,91.0,15.0,1.0,22.0,86.0,143.0,169.0,53.0,39.0,9.0,1.0,5.0,21.0,104.0,69.0,9,6,6,3,19,26,23,12,23.8,22.1,15.5,17.2,16.9,19.5,25.1,28.6,29.1,25.0,20.0,21.4,19.2,21.9,27.6,33.1,22.2,19.9,12.3,14.4,15.2,18.0,23.5,25.5,32.8,30.7,25.0,25.0,26.0,28.5,30.8,36.7,18.5,14.6,7.2,9.1,8.0,13.4,19.2,19.0,79.0,81.0,77.0,79.0,87.0,94.0,90.0,81.0,34,43,37,30,50,72,73,48,123.0,39.0,155.0,117.0,28.0,14.0,11.0,191.0
2015,Nam_Dinh,93.0,61.0,82.0,65.0,36.0,35.0,76.0,122.0,184.0,67.0,21.0,24.0,54.0,61.0,19.0,88.0,98.0,20.0,10.0,19.0,47.0,11.0,10.0,54.0,12,8,8,9,12,20,8,8,26.3,22.7,16.9,17.5,18.8,21.6,24.5,30.0,30.4,26.2,20.4,21.4,21.2,23.7,28.2,34.4,23.5,20.5,14.4,15.0,17.2,19.8,22.0,27.1,34.7,31.0,25.6,25.5,27.1,29.6,35.7,39.0,21.0,16.8,10.0,9.2,10.3,14.9,16.0,23.5,79.0,86.0,75.0,83.0,87.0,91.0,83.0,79.0,42,56,34,46,53,70,36,43,137.0,89.0,93.0,114.0,16.0,26.0,131.0,235.0
2016,Nam_Dinh,96.0,73.0,54.0,38.0,74.0,22.0,48.0,94.0,81.0,101.0,43.0,179.0,9.0,86.0,138.0,117.0,28.0,29.0,9.0,78.0,4.0,21.0,53.0,53.0,6,14,13,17,7,26,13,12,26.3,24.4,18.0,17.0,16.3,19.5,24.9,28.4,30.6,28.0,21.4,19.3,20.1,21.9,28.0,32.1,23.8,22.2,16.0,15.3,13.6,17.8,23.0,26.1,34.0,32.8,30.6,28.0,34.0,28.5,32.5,36.2,19.0,15.2,12.4,5.1,9.4,13.2,20.0,22.5,79.0,84.0,84.0,88.0,75.0,94.0,88.0,82.0,46,52,47,44,30,72,56,43,157.0,107.0,50.0,33.0,100.0,14.0,46.0,155.0
2017,Nam_Dinh,92.6,80.0,87.0,49.0,61.0,41.0,68.0,93.0,78.0,8.0,2.0,43.0,9.0,84.0,136.0,78.0,34.0,5.0,2.0,26.0,5.0,19.0,115.0,33.0,14,5,2,10,4,19,9,10,27.1,22.8,20.5,19.2,19.4,21.2,24.4,27.1,31.1,26.9,24.6,22.5,22.9,24.0,28.5,31.2,24.4,20.2,17.8,17.0,17.2,19.3,21.9,24.6,33.7,31.7,28.6,28.4,28.0,28.3,36.0,34.5,20.0,14.1,12.0,11.6,12.8,15.0,17.2,21.4,80.0,79.0,75.0,84.0,79.0,89.0,88.0,82.0,49,41,32,54,40,46,52,37,147.0,98.0,96.0,47.0,70.0,26.0,94.0,152.0
2018,Nam_Dinh,71.0,71.0,67.0,43.0,54.0,55.0,60.0,98.0,502.0,23.0,35.0,14.0,11.0,41.0,102.0,165.0,197.0,11.0,16.0,8.0,4.0,15.0,40.0,47.0,18,9,10,10,8,8,9,12,25.1,21.8,17.5,17.7,17.0,21.8,23.7,28.8,28.7,25.2,20.6,20.3,19.8,25.5,27.0,33.2,22.7,19.2,15.3,15.7,15.0,19.5,21.4,26.0,32.5,32.0,25.1,27.0,24.7,30.0,30.3,36.1,18.1,13.0,9.0,8.0,10.5,14.0,10.6,23.2,83.0,78.0,77.0,84.0,78.0,85.0,86.0,82.0,42,42,27,35,25,40,44,51,85.0,68.0,79.0,26.0,43.0,91.0,80.0,244.0
2019,Nam_Dinh,73.0,59.0,55.0,43.0,47.0,43.0,68.0,75.0,226.0,6.0,111.0,18.0,12.0,39.0,97.0,159.0,72.0,4.0,27.0,7.0,11.0,16.0,36.0,44.0,9,2,9,7,3,12,12,15,25.5,23.6,19.1,17.6,21.9,22.0,26.8,27.7,29.4,27.9,22.7,20.7,25.5,25.3,30.5,31.3,22.8,21.2,17.0,15.5,19.9,19.9,24.6,25.4,32.7,31.2,30.2,27.2,30.2,30.2,37.7,40.0,19.3,15.6,8.2,10.4,12.5,15.5,20.6,21.0,82.0,82.0,86.0,86.0,88.0,89.0,86.0,85.0,38,32,51,55,61,53,49,41,146.0,136.0,97.0,29.0,87.0,42.0,106.0,127.0
2020,Nam_Dinh,72.0,86.0,63.0,53.0,45.0,47.0,46.0,93.0,151.0,43.0,1.0,142.0,24.0,87.0,45.0,68.0,45.0,23.0,1.0,119.0,9.0,48.0,13.0,51.0,15,6,6,10,12,16,14,5,25.8,22.7,19.0,20.0,20.0,23.0,22.0,29.0,30.0,26.9,24.0,23.0,23.2,25.8,25.2,33.5,23.1,19.9,16.2,17.2,17.6,20.9,19.7,26.6,33.6,30.4,29.0,29.2,28.0,34.5,30.6,40.0,17.6,17.0,10.0,11.5,13.5,15.4,15.0,23.2,84.0,81.0,77.0,84.0,87.0,89.0,87.0,80.0,40,40,35,39,41,55,47,45,176.0,130.0,145.0,67.0,61.0,47.0,50.0,183.0
2001,Ninh_Binh,75.5,99.75,89.85,59.3,44.65,47.25,52.1,84.45,225.05,4.5,2.45,8.0,12.7,93.4,66.95,192.65,74.0,2.4,1.5,4.0,31.2,38.4,6.0,72.3,17,6,5,12,13,18,17,19,24.9,21.1,20.05,18.45,17.3,20.8,24.15,26.75,28.35,25.4,23.9,21.7,20.0,23.8,27.95,30.75,22.7,18.05,17.55,16.25,15.5,18.85,21.95,23.85,32.7,29.5,28.0,31.5,25.9,30.5,38.8,38.2,17.7,11.4,11.0,11.1,10.6,13.6,15.7,22.0,86.0,77.5,78.0,85.5,86.5,89.5,89.5,84.0,41,32,41,40,45,56,50,44,139.7,155.75,98.65,65.95,35.25,69.1,80.6,142.65
2002,Ninh_Binh,66.65,94.9,59.9,62.35,36.35,59.15,74.7,87.45,275.65,14.45,23.6,6.8,13.2,18.1,50.5,451.3,184.9,17.7,12.7,4.0,3.5,5.0,37.5,151.0,20,8,9,5,16,17,8,18,25.45,20.65,17.5,17.35,19.0,22.0,25.3,27.15,28.9,25.55,20.9,21.0,21.45,24.85,28.95,31.0,23.2,17.3,15.1,14.75,17.3,20.15,22.7,24.6,33.6,31.4,28.6,27.9,26.4,29.5,34.2,38.3,20.6,10.8,6.7,9.1,11.0,15.8,16.1,21.6,87.0,78.0,83.5,82.5,89.5,86.5,86.5,86.0,52,33,36,38,59,41,45,46,112.6,193.55,76.85,90.25,29.7,38.2,113.5,154.4
2003,Ninh_Binh,78.4,67.55,50.6,64.95,52.25,60.55,63.5,89.1,158.05,44.8,57.9,36.7,15.85,30.85,97.15,121.75,66.6,15.9,30.0,17.0,7.5,25.6,72.0,37.0,18,12,12,10,9,10,13,19,24.7,20.85,18.75,16.6,20.5,21.6,25.75,28.65,28.8,24.15,21.7,20.35,23.6,25.05,29.95,32.85,22.0,18.45,17.15,13.9,18.6,19.45,23.15,25.75,34.3,32.2,30.5,29.1,28.9,36.6,38.2,39.2,16.2,13.3,7.3,8.3,9.9,13.6,18.8,19.4,83.0,82.5,86.0,82.5,87.5,82.5,85.5,83.0,35,34,46,39,41,24,38,37,149.8,93.45,64.15,126.05,67.15,73.7,132.65,193.5
2004,Ninh_Binh,112.25,119.25,101.4,62.1,55.4,68.6,58.55,86.95,21.15,1.15,3.25,10.0,37.45,41.8,93.75,148.5,17.0,1.2,4.0,4.2,16.1,9.1,31.3,43.1,5,3,4,13,13,18,17,16,25.7,23.3,18.0,17.05,17.6,20.2,23.85,26.15,30.0,27.8,22.25,20.2,21.25,23.25,27.5,30.25,22.85,20.15,15.05,15.1,15.3,18.3,21.65,23.55,35.1,32.2,28.6,27.2,29.3,35.4,31.4,35.9,19.1,12.9,7.9,5.9,6.2,11.8,16.8,18.2,79.0,77.0,76.0,84.5,87.0,85.5,88.0,85.0,38,39,28,36,30,34,59,50,162.9,136.25,95.0,38.55,69.25,47.5,79.75,137.05
2005,Ninh_Binh,119.9,102.4,101.75,70.25,37.8,61.25,65.75,120.05,22.7,26.25,4.55,13.4,26.95,27.3,59.6,73.95,21.0,13.3,2.0,8.2,10.0,8.7,46.3,31.4,4,6,7,8,18,18,14,17,24.75,22.4,18.85,16.45,18.0,18.95,23.55,28.9,29.45,26.9,23.65,19.6,20.45,22.3,27.3,33.9,21.5,19.3,15.6,14.5,16.65,17.05,21.3,25.75,32.4,32.0,29.0,27.3,29.6,28.0,37.7,38.3,18.9,12.5,9.0,6.3,10.3,9.1,16.4,23.2,77.0,80.0,78.0,83.5,90.0,86.5,88.0,83.5,38,41,31,33,55,37,44,37,117.8,140.1,144.35,45.6,18.3,32.15,89.7,201.85
2006,Ninh_Binh,105.85,84.25,101.2,84.4,40.5,48.45,88.3,101.2,38.15,177.8,32.75,1.45,25.55,34.85,51.7,320.8,21.6,84.6,31.9,1.0,6.0,10.0,63.0,110.0,9,8,5,4,14,19,11,18,25.55,22.3,17.05,17.95,18.5,19.8,25.15,27.15,29.25,26.05,20.2,21.45,21.0,22.85,29.75,31.65,23.05,19.9,14.85,15.85,17.0,18.15,22.25,24.15,34.0,31.5,28.5,29.4,28.3,28.4,40.4,35.5,18.5,12.3,8.0,9.9,12.4,11.4,15.1,19.5,85.0,86.5,79.5,79.5,89.0,88.5,84.0,81.0,43,43,30,44,55,39,38,30,117.75,134.9,51.25,73.5,27.0,26.5,123.0,183.0
2007,Ninh_Binh,83.35,98.6,102.1,96.4,64.65,35.9,79.1,107.95,70.95,28.0,0.75,1.1,46.8,41.65,39.85,198.25,29.0,29.0,1.0,1.0,24.0,16.0,20.0,153.0,10,6,2,6,10,19,10,13,26.2,24.45,18.25,16.6,21.45,21.2,23.05,26.5,30.35,28.9,22.25,19.9,24.8,23.85,27.25,30.95,23.65,21.45,15.3,14.2,19.2,19.55,20.55,23.4,32.2,34.4,28.5,26.5,28.7,31.7,38.0,38.6,21.3,15.5,8.1,6.9,9.0,11.7,14.2,17.8,85.0,81.0,76.0,75.0,84.0,74.0,85.0,87.0,57,34,30,23,27,57,48,43,122.5,157.5,74.0,58.0,60.0,11.0,80.0,144.5
2008,Ninh_Binh,85.95,130.85,70.2,60.15,70.65,60.55,65.35,89.85,354.0,10.0,17.5,55.9,14.65,27.35,44.8,336.1,264.0,11.0,12.0,19.0,7.0,14.0,27.0,181.0,12,2,9,12,12,15,11,11,24.9,20.5,20.25,15.35,13.35,20.4,24.3,26.75,28.85,25.5,23.55,18.8,15.7,24.2,27.65,30.95,22.35,17.05,18.2,12.95,11.45,17.85,22.2,24.15,32.9,28.7,28.5,29.0,25.8,29.2,34.4,36.7,18.0,8.5,12.6,6.6,6.4,8.2,17.4,20.8,82.0,87.0,85.0,85.5,74.5,87.0,87.5,83.5,45,33,47,32,40,36,54,51,86.0,152.5,42.0,67.0,26.0,70.0,85.5,154.5
2009,Ninh_Binh,68.3,89.45,82.8,81.7,56.15,53.0,62.25,74.25,314.35,167.3,33.6,9.55,6.35,67.1,146.9,460.5,181.0,75.0,20.0,6.0,4.0,30.0,50.0,115.0,17,8,7,6,8,17,12,19,25.75,21.3,17.9,15.6,21.95,20.8,24.05,26.6,29.25,24.75,21.9,19.4,25.7,23.9,27.4,30.05,23.6,18.85,15.0,13.0,19.5,18.6,21.95,24.2,32.0,29.4,26.5,25.8,33.5,32.2,36.4,33.5,21.1,10.9,9.4,5.5,14.6,11.1,16.5,21.5,86.0,78.5,78.0,78.0,88.0,88.0,88.0,87.0,54,33,38,32,52,34,46,56,81.0,133.0,101.0,103.5,88.0,54.0,86.5,146.5
2010,Ninh_Binh,83.2,100.45,69.15,45.55,69.15,80.1,48.6,85.6,112.3,14.65,14.85,104.55,13.25,19.4,73.4,105.3,35.0,19.0,21.0,62.0,8.0,10.0,22.0,39.0,10,4,7,14,9,10,20,15,25.7,21.2,19.7,17.9,20.5,21.65,23.0,28.25,29.8,25.35,23.4,20.9,24.5,25.6,26.45,32.4,23.05,18.55,17.55,15.95,18.05,19.4,20.9,25.7,33.0,34.5,29.5,27.8,35.7,35.0,32.8,39.1,20.4,10.8,13.5,11.2,9.4,12.3,14.5,22.4,84.5,75.0,81.0,86.0,83.5,81.0,89.5,85.0,38,35,46,46,22,35,60,46,131.5,136.0,81.5,46.0,101.5,72.5,61.5,148.5
2011,Ninh_Binh,111.55,98.35,75.1,67.5,83.0,49.5,60.0,86.5,175.9,1.95,6.85,7.0,12.5,72.0,25.5,159.0,64.0,4.0,4.0,3.0,3.0,32.0,14.0,76.0,13,2,6,8,12,15,12,12,24.55,21.65,19.4,12.9,17.25,16.8,22.9,26.5,28.25,25.8,23.6,15.15,20.4,19.6,26.65,31.2,22.05,18.7,16.55,11.3,15.45,14.8,20.45,23.55,32.8,28.9,27.8,22.0,27.0,26.6,32.0,37.1,13.3,13.2,8.0,7.4,10.7,8.2,13.0,20.3,77.5,76.0,81.0,77.0,87.5,85.0,87.0,83.0,33,36,42,42,52,49,47,48,113.0,92.0,89.0,6.5,37.5,19.0,65.5,157.0
2012,Ninh_Binh,62.0,66.0,80.5,26.0,27.5,46.0,74.5,84.5,141.0,35.0,8.0,31.5,19.5,26.5,35.0,369.5,40.0,28.0,8.0,8.0,3.0,10.0,41.0,145.0,19,9,4,20,19,16,6,15,23.9,23.25,17.0,14.65,16.0,19.9,25.55,28.3,27.1,27.3,20.5,16.65,18.9,22.55,29.8,32.75,21.9,20.6,14.65,13.4,14.45,18.2,22.95,25.4,32.9,31.4,24.0,22.9,26.8,30.1,39.1,41.1,18.6,16.3,7.1,8.7,9.4,13.1,17.5,23.0,85.0,82.5,74.0,90.0,90.5,88.0,84.0,84.0,52,43,32,64,62,42,42,32,64.0,80.0,68.0,2.0,21.5,21.0,128.0,182.5
2013,Ninh_Binh,78.5,56.5,54.0,35.5,33.5,50.0,55.0,88.0,196.5,151.0,25.0,18.0,28.5,21.0,63.5,231.0,109.0,77.0,19.0,10.0,15.0,10.0,27.0,102.0,10,16,13,16,12,12,13,15,25.8,23.15,19.1,15.45,19.75,23.05,24.4,28.3,29.75,27.0,22.6,17.7,23.05,26.55,28.25,33.05,23.35,20.75,17.25,13.9,17.85,21.15,22.25,25.2,32.0,33.5,30.0,25.0,28.8,31.0,35.5,39.7,20.8,14.4,11.0,9.1,12.3,13.5,16.0,21.4,83.0,86.0,84.5,86.5,90.0,87.5,86.0,82.5,44,35,41,51,57,48,50,40,125.5,118.5,57.0,14.5,49.5,58.0,86.0,176.0
2014,Ninh_Binh,103.0,66.5,76.0,69.5,40.5,22.0,37.0,95.5,172.5,53.5,10.0,2.5,22.5,68.0,101.0,220.5,117.0,34.0,7.0,2.0,5.0,20.0,57.0,74.0,11,13,5,2,18,26,22,14,24.9,22.1,15.4,16.8,17.0,19.6,24.9,28.45,29.0,24.95,20.1,21.4,19.55,22.1,27.4,33.15,22.25,20.35,12.15,13.75,15.3,18.0,23.5,25.4,33.6,30.8,25.5,26.2,27.8,30.2,33.0,39.6,17.0,14.8,6.1,5.5,8.4,13.5,19.6,19.1,78.0,82.5,76.5,80.0,87.5,95.0,92.0,82.0,29,42,37,35,45,76,73,38,135.0,49.5,153.5,119.0,32.0,11.5,17.0,196.5
2015,Ninh_Binh,88.5,54.5,70.0,54.5,31.0,22.5,55.5,120.0,151.5,81.5,25.0,25.5,54.0,64.0,27.5,73.5,105.0,50.0,12.0,21.0,49.0,14.0,17.0,39.0,10,10,8,7,12,22,9,13,26.0,22.7,16.95,17.5,19.05,21.65,24.5,30.1,30.2,26.1,20.45,21.8,21.5,24.05,28.45,35.15,23.2,20.25,14.4,14.7,17.3,20.05,21.6,26.8,34.6,31.5,25.9,26.7,29.2,30.2,36.5,41.5,19.2,15.0,8.0,8.1,10.7,15.1,14.6,23.5,81.0,86.0,76.5,83.5,88.5,93.0,84.5,79.5,43,52,32,39,52,71,39,35,147.5,95.0,83.0,109.5,26.5,32.0,134.5,237.5
2016,Ninh_Binh,75.5,49.0,47.0,32.5,58.0,30.5,39.5,66.5,85.0,185.0,36.5,156.0,18.5,35.5,119.5,150.0,45.0,101.0,9.0,65.0,3.0,18.0,58.0,50.0,6,17,14,17,6,16,17,14,26.05,24.3,18.5,17.1,16.1,19.6,24.65,27.9,30.5,27.85,21.55,20.05,20.2,22.55,28.05,32.0,23.2,22.05,17.0,15.45,13.3,17.7,22.75,25.25,33.6,33.8,31.6,30.0,34.7,27.0,33.1,36.5,18.3,15.4,12.6,5.4,7.3,10.1,19.0,21.5,81.5,85.5,83.0,88.5,76.0,89.5,90.0,85.0,46,53,45,45,30,40,56,38,153.0,99.0,58.5,41.0,106.0,21.0,60.0,161.0
2017,Ninh_Binh,73.05,67.0,63.0,39.0,60.5,40.5,64.0,79.5,63.0,15.5,40.5,91.0,9.5,68.5,68.0,55.5,43.0,10.0,71.0,54.0,6.0,32.0,33.0,23.0,12,6,5,10,7,20,10,13,26.85,22.6,20.4,19.25,19.45,21.35,24.6,27.1,30.9,26.55,24.55,22.4,23.05,24.25,28.85,31.25,24.35,20.0,17.8,17.1,17.25,19.65,22.15,24.55,33.6,31.9,29.4,28.0,28.6,29.4,38.9,35.5,20.0,13.8,11.9,12.1,11.3,15.4,17.2,20.8,82.5,81.5,78.0,86.0,79.5,89.0,84.5,82.5,49,41,37,54,42,51,46,34,144.5,107.0,103.0,49.0,75.5,33.5,112.0,164.0
2018,Ninh_Binh,64.5,82.0,70.5,42.5,51.5,59.0,57.0,88.0,389.0,24.0,24.0,17.5,8.0,25.5,66.0,142.0,160.0,22.0,14.0,6.0,4.0,12.0,32.0,50.0,19,11,9,14,10,11,9,17,25.0,22.1,17.2,17.75,16.95,21.95,23.55,28.5,28.4,25.45,20.45,20.25,19.9,25.95,27.1,33.15,22.9,19.6,15.55,16.05,15.1,19.7,21.3,25.5,33.2,34.2,26.0,28.0,25.2,35.0,31.2,37.7,17.3,14.0,7.5,8.6,9.5,12.8,15.0,22.5,85.0,78.0,78.0,85.5,80.0,86.0,86.5,83.5,44,38,23,39,28,40,43,47,94.0,64.5,70.5,29.0,44.5,88.5,78.5,236.5
2019,Ninh_Binh,77.5,67.0,54.5,43.0,47.0,42.0,65.0,77.5,233.5,70.0,70.0,17.0,18.0,35.0,56.0,346.5,169.0,75.0,26.0,7.0,20.0,14.0,17.0,94.0,10,11,11,8,8,15,14,17,25.5,23.65,19.5,17.95,22.15,22.2,26.95,27.65,29.35,27.95,23.05,20.95,25.85,25.5,30.9,31.4,23.05,21.3,17.35,15.9,20.05,20.25,24.55,25.1,33.4,31.1,30.6,26.5,34.0,30.7,40.6,41.3,19.6,15.7,9.1,11.0,13.7,15.9,20.8,21.1,82.5,83.5,86.0,86.5,88.5,90.5,88.0,86.5,35,35,51,51,36,56,33,38,144.5,137.5,104.5,26.0,88.0,45.5,104.5,123.0
2020,Ninh_Binh,68.5,64.5,73.0,45.5,37.5,32.5,40.0,89.5,375.5,58.0,13.0,129.5,26.0,141.5,52.5,58.5,216.0,25.0,8.0,106.0,11.0,113.0,16.0,25.0,19,6,8,13,12,15,15,10,25.65,22.6,19.0,20.0,19.5,23.0,22.0,29.0,29.7,26.6,23.7,22.8,22.55,25.6,25.45,33.8,23.2,20.1,16.1,17.45,17.8,21.1,20.0,26.2,33.7,29.6,29.2,28.9,29.3,33.9,31.8,40.6,17.2,16.5,7.0,10.2,13.6,15.5,15.0,22.0,84.5,82.5,77.5,85.5,83.0,89.5,85.0,79.5,35,41,29,43,35,54,37,36,147.5,127.5,148.0,63.5,60.0,36.0,52.5,195.5
2001,Thai_Binh,69.4,94.3,88.0,46.9,38.7,32.8,29.8,50.9,58.0,3.7,0.7,11.3,26.4,102.6,33.0,434.6,17.6,1.3,0.2,2.8,8.4,27.4,10.1,106.5,11,5,1,12,14,18,16,16,24.1,20.3,19.3,17.7,16.8,20.2,23.2,25.9,28.2,25.1,23.8,21.0,19.2,22.7,26.2,29.8,21.8,17.0,16.6,15.7,15.1,18.5,21.3,23.3,30.0,29.0,26.8,27.0,25.0,28.8,33.0,35.4,16.9,12.2,11.1,10.5,11.5,13.0,15.0,21.4,88.0,82.0,79.0,89.0,89.0,93.0,94.0,89.0,46,35,36,47,50,61,64,54,150.8,158.8,97.4,47.3,39.8,54.4,73.7,158.8
2002,Thai_Binh,61.2,82.1,44.6,45.2,24.4,40.1,37.2,58.5,296.9,52.4,49.9,11.5,17.4,14.2,73.5,308.2,115.1,30.3,10.5,6.0,4.0,3.0,40.0,124.0,18,6,12,7,18,14,10,18,25.1,20.2,16.8,16.6,18.4,21.3,24.5,27.5,29.1,25.5,20.3,20.6,20.6,23.9,27.6,30.0,22.6,16.8,14.4,14.2,17.0,19.7,22.5,24.2,32.0,31.2,28.1,26.4,25.3,27.0,30.7,34.6,20.1,12.3,8.5,8.9,11.4,14.6,15.1,21.0,89.0,81.0,88.0,85.0,92.0,90.0,91.0,89.0,54,41,37,41,56,49,52,54,121.1,194.5,71.5,93.0,22.0,30.0,121.0,180.0
2003,Thai_Binh,89.0,78.6,55.6,71.8,56.3,63.3,68.7,83.1,231.2,69.9,97.7,52.2,14.7,26.4,6.4,140.4,81.0,23.0,46.0,32.0,7.0,13.0,2.0,44.0,12,12,9,7,9,9,12,14,24.2,20.5,18.5,16.3,19.9,21.0,25.0,27.9,28.7,24.0,21.4,19.9,22.8,23.9,28.1,31.5,21.2,18.1,16.5,13.6,17.9,19.1,22.7,25.4,32.0,31.4,29.3,25.4,27.4,33.7,32.5,35.7,16.6,12.8,6.8,7.0,11.6,13.9,18.2,19.5,81.0,86.0,89.0,85.0,90.0,88.0,89.0,88.0,35,37,51,44,47,44,57,52,154.0,92.0,63.0,102.0,68.0,66.0,141.0,200.0
2004,Thai_Binh,95.0,105.5,108.4,61.3,43.3,60.0,55.8,67.2,55.4,2.7,4.8,15.6,48.4,31.2,59.1,71.0,54.0,1.0,4.0,4.0,14.0,5.0,18.0,20.0,3,2,3,10,14,14,16,14,25.0,22.7,17.6,16.6,17.1,19.8,23.4,25.6,29.7,27.2,22.2,19.5,20.2,22.2,26.5,28.9,21.9,19.6,14.2,14.3,14.9,18.1,21.3,23.2,32.5,31.3,25.6,26.5,24.5,30.5,29.4,33.5,18.8,13.5,8.4,8.4,8.0,14.6,16.0,18.4,83.0,82.0,80.0,87.0,92.0,91.0,90.0,87.0,39,45,34,44,48,52,62,65,173.0,135.0,109.0,33.0,62.0,45.0,72.0,163.0
2005,Thai_Binh,97.3,91.2,98.2,71.0,30.7,55.3,44.0,71.2,25.7,25.6,31.1,7.7,29.0,24.4,31.3,108.7,12.0,9.0,17.0,4.0,4.0,8.0,9.0,56.0,4,5,5,5,19,16,13,13,24.2,21.8,18.3,15.8,17.4,18.5,23.1,28.0,29.2,26.1,23.1,18.8,19.6,21.1,25.8,31.5,21.0,18.7,14.8,13.8,16.1,16.8,21.2,25.8,31.8,31.3,27.0,25.2,24.8,27.0,31.5,36.2,19.2,13.7,8.6,7.2,10.5,11.2,17.2,23.4,82.0,85.0,82.0,86.0,91.0,89.0,91.0,88.0,41,44,38,39,66,48,62,59,134.0,127.0,140.0,27.0,1.0,25.0,89.0,219.0
2006,Thai_Binh,78.7,73.3,90.6,77.4,35.8,40.2,62.2,74.2,98.0,348.8,13.2,7.0,37.1,23.3,32.1,158.8,81.0,290.0,6.0,4.0,17.0,3.0,21.0,46.0,8,7,8,6,17,22,12,13,25.1,22.1,16.4,17.5,18.1,19.3,24.2,26.2,29.3,25.6,19.9,20.8,20.2,21.7,27.7,30.0,22.7,19.8,13.9,15.4,16.5,17.7,22.0,24.0,33.0,30.6,28.0,26.9,25.2,25.5,32.5,32.8,17.9,13.5,8.4,9.6,12.3,10.6,14.6,18.4,83.0,84.0,78.0,83.0,90.0,90.0,88.0,84.0,48,47,31,49,76,46,53,46,120.0,133.0,61.0,71.0,15.0,17.0,122.0,190.0
2007,Thai_Binh,79.6,92.9,96.5,69.2,47.4,28.3,51.4,70.2,75.3,99.9,1.0,12.0,44.4,30.5,69.5,134.4,45.0,60.0,1.0,5.0,26.0,5.0,35.0,73.0,9,7,2,6,8,20,9,15,26.0,24.0,17.7,16.2,20.6,20.2,22.3,26.0,30.3,28.4,22.0,19.3,23.5,22.5,25.5,30.2,23.2,20.8,14.7,13.6,18.6,19.0,20.0,22.9,32.0,31.7,27.6,24.0,26.5,26.8,31.8,36.0,21.3,17.0,9.7,9.4,10.3,11.7,14.1,18.8,85.0,83.0,79.0,80.0,84.0,73.0,86.0,89.0,50,34,33,30,30,63,52,53,138.0,159.0,89.0,58.0,40.0,6.0,74.0,151.0
2008,Thai_Binh,81.2,145.2,63.6,57.4,71.1,51.8,46.8,67.5,107.6,8.5,56.6,105.8,15.9,15.7,12.1,90.0,26.0,8.0,29.0,31.0,5.0,8.0,8.0,29.0,11,2,5,12,12,8,5,8,24.8,20.2,19.9,15.0,13.3,20.0,23.8,26.4,28.7,25.6,23.1,18.1,15.5,23.4,26.6,30.1,22.0,16.4,17.6,12.5,11.4,17.9,22.2,24.1,32.0,28.8,27.5,26.5,25.5,28.0,31.8,35.4,18.5,11.0,12.8,7.1,6.2,9.5,17.6,19.3,81.0,88.0,88.0,87.0,80.0,89.0,91.0,88.0,42,23,52,34,46,40,60,59,119.0,176.0,36.0,66.0,29.0,65.0,84.0,183.0
2009,Thai_Binh,82.8,95.6,85.1,82.3,34.8,33.1,37.8,61.4,74.6,193.0,20.6,2.6,1.1,112.0,241.2,120.3,25.0,98.0,15.0,3.0,1.0,63.0,114.0,62.0,11,7,5,1,3,17,13,13,25.9,21.2,17.6,15.4,21.4,20.4,23.3,26.1,29.6,24.9,22.0,19.3,24.5,22.6,26.0,29.2,23.6,18.5,14.6,12.8,19.6,18.4,20.8,24.0,32.0,29.5,26.0,24.0,30.2,28.7,34.0,32.6,21.0,11.8,10.8,8.0,14.5,13.2,16.2,21.7,87.0,80.0,80.0,80.0,91.0,91.0,92.0,89.0,53,35,38,31,83,47,49,58,118.0,169.0,115.0,115.0,75.0,40.0,63.0,163.0
2010,Thai_Binh,93.8,136.8,84.0,34.0,51.3,55.2,31.1,69.4,59.2,0.9,24.2,136.0,11.6,17.5,43.1,74.9,18.0,1.0,23.0,63.0,3.0,14.0,17.0,59.0,11,2,4,15,13,8,19,6,25.4,20.8,19.1,17.4,19.8,20.8,22.4,27.4,28.7,25.3,22.9,20.3,22.8,23.6,25.2,30.6,22.7,17.9,16.5,15.6,17.9,18.9,20.6,25.3,32.7,31.0,28.4,25.5,34.6,28.9,29.5,35.0,20.0,11.9,11.5,11.5,9.2,12.8,14.4,21.9,86.0,77.0,83.0,91.0,89.0,88.0,94.0,91.0,41,39,45,52,30,45,64,62,144.0,138.0,80.0,36.0,75.0,43.0,54.0,159.0
2011,Thai_Binh,134.0,111.7,86.3,75.0,34.0,46.0,55.0,71.0,79.8,7.1,9.2,9.0,7.0,88.0,18.0,140.0,19.0,7.0,4.0,3.0,3.0,27.0,7.0,70.0,13,3,4,8,13,19,7,10,24.4,21.5,19.2,12.4,16.8,16.4,22.6,26.0,28.6,25.9,23.4,14.8,19.5,18.6,25.7,29.7,21.6,18.5,16.2,10.8,15.2,14.7,20.5,23.5,32.4,29.2,26.7,20.4,24.8,24.0,29.8,34.4,13.7,14.1,8.8,7.2,10.4,8.4,16.2,20.5,80.0,77.0,82.0,79.0,89.0,88.0,89.0,87.0,35,30,38,46,57,54,51,55,130.0,85.0,85.0,7.0,44.0,19.0,76.0,168.0
2012,Thai_Binh,67.0,81.0,90.0,27.0,24.0,38.0,50.0,57.0,62.0,32.0,27.0,28.0,21.0,22.0,77.0,284.0,12.0,11.0,8.0,8.0,4.0,4.0,40.0,76.0,14,4,7,21,14,18,5,14,23.6,22.9,16.8,14.4,15.8,19.3,24.7,27.9,27.1,27.3,20.3,16.2,18.1,21.3,27.8,31.3,21.2,20.1,14.2,13.0,14.3,17.6,22.6,25.4,32.0,30.7,24.0,21.1,24.0,25.5,34.5,34.6,18.0,17.3,8.4,8.2,9.7,12.5,18.5,23.0,88.0,84.0,76.0,91.0,91.0,90.0,90.0,88.0,47,45,34,79,81,46,54,63,90.0,122.0,74.0,2.0,10.0,12.0,99.0,190.0
2013,Thai_Binh,84.0,55.0,53.0,39.0,33.0,55.0,49.0,78.0,576.0,22.0,18.0,13.0,19.0,5.0,27.0,217.0,305.0,8.0,10.0,4.0,5.0,2.0,21.0,73.0,13,11,12,17,11,6,9,16,25.4,23.0,18.8,15.1,19.4,22.8,24.0,28.0,29.4,26.3,22.0,19.5,21.7,25.2,26.8,31.6,22.7,20.4,16.9,13.2,17.5,20.9,21.9,25.2,31.1,30.7,29.6,24.0,26.7,28.5,33.7,38.2,20.7,14.2,10.5,8.8,12.8,14.3,15.8,21.1,86.0,88.0,86.0,88.0,92.0,89.0,90.0,87.0,51,45,41,53,71,55,57,51,138.0,107.0,43.0,14.0,34.0,43.0,73.0,180.0
2014,Thai_Binh,111.0,64.0,77.0,70.9,27.0,19.0,42.0,76.9,94.0,74.0,24.0,0.0,37.0,75.0,97.0,115.0,67.0,40.0,12.0,0.0,7.0,20.0,67.0,34.0,7,10,5,0,20,26,7,12,24.7,21.9,15.0,16.6,16.6,19.2,24.7,27.8,29.1,25.1,20.0,21.2,18.8,21.3,27.0,31.3,21.8,19.7,11.5,13.4,15.1,17.7,23.5,25.1,33.4,31.2,25.0,24.5,25.0,27.2,29.4,35.2,17.2,14.5,7.0,7.7,7.9,13.3,19.4,19.6,80.0,83.0,81.0,82.0,88.0,94.0,91.0,87.0,34,38,36,32,46,80,76,55,134.0,53.0,172.0,128.0,30.0,7.0,11.0,205.0
2015,Thai_Binh,82.0,50.0,76.0,56.0,34.0,31.0,60.0,82.0,245.0,69.0,25.0,25.0,39.0,24.0,22.0,19.0,82.0,40.0,7.0,19.0,33.0,9.0,10.0,6.0,12,11,9,6,13,13,6,9,25.7,22.5,16.7,17.0,18.7,21.4,24.1,29.2,30.1,26.0,20.2,21.0,20.9,23.3,27.4,32.5,22.8,20.1,14.1,14.3,17.1,20.0,21.6,26.7,33.7,30.2,24.8,24.5,25.8,27.8,34.0,36.5,20.0,16.5,9.2,8.9,10.5,15.5,16.2,23.0,83.0,88.0,78.0,85.0,89.0,93.0,88.0,85.0,40,57,32,47,51,75,42,74,140.0,88.0,31.0,98.0,15.0,18.0,136.0,228.0
2016,Thai_Binh,78.0,55.0,59.0,34.5,65.1,34.9,34.0,71.0,75.0,280.0,44.0,179.0,10.0,37.0,188.0,41.0,26.0,124.0,10.0,83.0,4.0,28.0,69.0,21.0,7,15,16,18,7,15,15,6,25.5,24.1,18.3,16.8,16.0,19.2,24.4,27.8,29.9,27.3,21.2,19.3,19.5,21.7,27.1,30.7,22.7,22.0,16.2,15.1,13.5,17.5,22.5,25.7,33.7,31.4,29.1,27.2,32.5,25.6,30.7,35.0,18.9,14.5,12.2,5.1,9.9,13.6,19.5,21.5,83.0,86.0,84.0,88.0,78.0,89.0,90.0,86.0,43,48,47,49,33,50,60,50,148.0,96.0,55.0,39.0,99.0,24.0,61.0,181.0
2017,Thai_Binh,98.0,84.9,89.2,59.7,75.0,41.0,55.0,74.0,134.0,10.0,2.0,29.0,6.0,81.0,78.0,85.0,51.0,3.0,1.0,17.0,2.0,29.0,68.0,51.0,11,10,4,10,5,21,7,8,26.5,22.4,20.1,19.3,19.2,21.0,23.9,26.7,30.6,26.5,24.3,22.3,22.6,23.4,27.3,30.2,23.8,19.7,17.6,17.0,17.2,19.2,21.5,24.1,33.1,30.6,28.9,27.5,26.5,27.0,33.7,32.6,20.0,13.7,12.0,11.3,12.9,15.5,17.2,20.9,82.0,81.0,77.0,85.0,81.0,90.0,88.0,87.0,48,43,32,56,45,45,45,44,168.0,114.0,105.0,59.0,73.0,30.0,98.0,177.0
2018,Thai_Binh,69.0,85.0,85.0,48.0,61.0,50.0,46.0,62.0,359.0,46.0,21.0,21.0,13.3,53.0,103.0,113.0,93.0,34.0,8.0,4.0,5.0,27.0,45.0,29.0,16,12,8,14,8,10,10,9,25.1,21.5,17.3,17.4,16.8,21.2,23.3,28.2,28.8,25.0,20.7,19.8,19.3,24.3,26.2,31.7,22.5,19.2,15.2,15.6,15.0,19.2,21.3,25.6,32.4,30.9,25.5,24.5,23.5,27.3,29.7,35.5,18.0,12.5,8.5,8.4,10.4,13.7,15.2,22.7,84.0,80.0,80.0,86.0,80.0,88.0,89.0,83.0,44,34,29,42,30,49,44,48,111.0,63.0,78.0,22.0,36.0,90.0,78.0,259.0
2019,Thai_Binh,63.0,61.0,42.0,44.0,37.0,26.0,57.0,65.0,209.0,15.0,64.0,18.0,23.0,51.0,44.0,173.0,106.0,10.0,25.0,5.0,20.0,22.0,15.0,59.0,10,5,9,8,8,14,8,16,25.0,23.4,19.0,17.6,21.4,21.7,26.3,27.3,29.0,27.6,22.4,20.4,24.2,24.3,29.4,30.3,22.4,20.8,16.8,15.9,19.6,20.8,24.3,25.1,31.8,30.6,30.0,25.6,28.4,28.8,34.3,37.0,19.9,15.6,8.5,10.0,13.1,15.7,20.7,21.6,83.0,83.0,88.0,88.0,92.0,93.0,90.0,89.0,36,30,53,59,65,57,64,54,155.0,151.0,88.0,37.0,78.0,28.0,92.0,130.0
2020,Thai_Binh,79.0,81.0,89.0,50.0,39.0,31.0,43.0,83.0,107.0,22.0,2.0,120.0,16.0,50.0,30.0,26.0,51.0,16.0,1.0,99.0,4.0,31.0,7.0,19.0,13,4,3,12,10,16,14,6,25.7,22.5,18.9,19.0,20.0,23.0,22.0,29.0,29.8,26.9,23.5,22.4,22.5,25.0,24.8,32.1,22.9,19.6,15.8,17.0,17.6,20.8,19.8,25.6,32.6,29.6,27.6,28.0,26.8,32.2,29.8,37.7,17.7,17.0,9.5,12.1,14.0,15.3,15.1,23.0,84.0,82.0,77.0,86.0,87.0,90.0,87.0,84.0,31,39,25,43,41,65,49,56,140.0,130.0,145.0,62.0,52.0,38.0,48.0,211.0
2001,Ha_Nam,77.15,104.6,93.7,51.8,42.9,45.65,40.45,72.5,146.15,5.05,2.05,24.3,23.85,121.9,25.5,289.45,73.7,3.0,2.2,4.9,8.7,32.0,9.9,81.6,13,5,2,12,17,21,14,17,24.8,21.05,19.85,18.0,16.95,20.4,23.5,26.4,28.15,25.0,23.45,20.85,19.3,22.7,26.2,29.6,22.75,18.05,17.4,16.05,15.25,18.75,21.75,23.9,33.2,28.7,27.7,29.6,25.3,30.1,35.1,35.7,17.7,12.6,11.5,10.4,11.2,13.2,15.5,21.4,86.5,78.5,79.5,85.5,88.0,90.5,92.0,86.5,44,35,40,41,47,55,59,51,146.0,160.2,101.25,58.75,38.85,62.75,67.95,151.45
2002,Ha_Nam,80.85,98.15,47.6,59.15,32.7,54.6,59.75,81.15,410.8,31.65,55.35,4.55,23.35,17.3,63.15,488.3,200.2,17.1,18.2,3.0,11.6,5.5,63.2,175.0,17,6,13,7,16,18,9,17,25.55,20.65,17.3,17.15,18.45,21.5,25.0,27.25,28.75,25.15,20.25,20.3,20.45,23.95,27.75,30.4,23.25,17.45,15.0,14.85,17.05,19.8,22.95,24.8,32.6,30.7,28.6,26.5,25.4,28.1,31.2,36.1,20.6,12.3,8.1,10.2,10.4,15.1,16.4,20.8,86.5,79.5,84.5,85.0,92.0,89.0,89.0,86.0,59,39,43,41,69,30,53,59,115.25,197.15,77.45,90.0,27.0,36.5,118.0,163.0
2003,Ha_Nam,92.1,74.55,51.85,60.5,45.5,68.65,62.35,91.35,235.95,66.1,62.75,36.8,20.15,23.25,33.05,143.9,145.0,37.3,41.7,17.0,14.6,11.0,40.4,97.6,14,10,12,9,8,13,9,13,24.65,20.85,18.65,16.45,20.0,21.1,25.15,28.4,28.45,23.8,21.15,19.55,22.55,23.8,28.35,31.85,22.15,18.55,16.95,14.0,18.25,19.35,23.2,26.1,33.9,31.5,29.8,26.5,27.6,35.7,34.7,37.5,17.0,13.3,7.0,7.1,10.9,13.1,18.8,19.8,84.5,84.5,86.5,84.5,90.0,85.5,88.5,85.5,34,31,48,41,42,28,56,45,155.5,100.0,57.5,115.0,70.5,67.5,126.5,194.5
2004,Ha_Nam,114.95,102.25,94.85,57.55,48.25,57.85,54.6,78.15,47.3,4.7,2.35,12.15,44.75,31.1,58.15,154.85,42.0,6.0,3.8,6.0,19.0,9.3,19.1,47.0,6,2,2,9,14,18,16,16,25.65,23.1,18.05,16.9,17.2,19.85,23.6,25.95,29.35,26.9,21.7,19.45,20.0,22.15,26.25,29.4,22.95,20.35,15.0,15.0,15.25,18.25,21.25,23.6,34.0,31.0,27.6,26.9,27.2,33.9,33.0,36.0,19.0,13.3,9.4,6.9,7.1,13.2,16.2,17.9,80.5,80.0,77.0,85.5,90.0,88.0,89.5,87.5,47,40,27,49,43,43,55,56,170.5,131.5,100.0,38.0,64.5,42.0,85.0,147.0
2005,Ha_Nam,115.55,99.3,93.4,60.7,32.2,50.3,51.6,85.9,19.9,41.55,67.95,8.75,24.9,22.3,26.75,70.4,14.1,32.2,105.0,7.8,10.0,7.5,19.0,36.0,6,7,7,12,20,19,13,15,24.85,22.4,18.9,16.0,17.5,18.4,23.1,28.35,29.05,26.25,23.0,18.5,19.4,21.05,25.9,31.95,21.85,19.65,15.95,14.3,16.0,16.75,20.65,26.05,32.0,30.9,27.9,25.6,26.4,27.0,34.7,35.8,19.5,13.8,9.4,6.7,10.3,10.0,16.4,23.2,78.5,81.5,80.0,85.0,91.5,88.5,90.5,86.0,38,41,38,40,56,48,57,56,138.5,145.5,170.5,37.5,8.5,32.5,84.5,211.5
2006,Ha_Nam,104.35,73.65,87.15,67.1,35.95,37.15,62.3,89.35,31.35,241.1,30.4,2.2,24.55,32.45,42.85,230.85,19.1,232.0,35.0,1.1,7.0,8.8,46.0,145.0,10,8,7,7,15,21,7,15,25.6,22.45,16.85,17.75,18.15,19.35,24.4,27.0,28.9,25.45,19.85,20.7,19.95,21.75,27.8,30.6,22.85,20.2,14.7,15.95,16.8,17.9,22.35,24.65,33.4,31.0,28.2,27.6,27.0,27.0,37.0,34.5,18.2,13.7,9.2,9.4,12.3,11.0,14.8,20.0,82.5,85.0,77.5,84.0,91.5,91.5,88.5,85.5,41,45,29,38,65,40,49,38,124.5,134.0,59.5,56.5,17.0,25.0,121.0,179.5
2007,Ha_Nam,93.75,94.15,89.75,89.3,46.45,29.45,64.0,88.35,49.9,48.7,1.05,3.7,34.0,41.45,42.2,209.3,29.2,42.0,1.3,2.0,41.9,17.4,17.6,94.6,10,9,2,5,11,18,9,16,26.65,24.6,18.15,16.55,20.95,20.6,22.6,26.35,30.25,28.45,21.85,19.45,23.65,22.8,26.0,29.95,23.85,21.9,15.5,14.55,19.2,19.15,20.55,23.3,32.5,31.5,28.9,25.7,28.2,30.0,35.0,37.8,22.0,18.4,10.4,9.1,10.6,11.4,13.4,19.0,84.0,82.0,78.0,77.0,83.5,74.0,85.0,89.5,55,35,34,31,32,57,55,46,146.0,158.0,86.5,59.5,55.0,8.0,80.5,154.0
2008,Ha_Nam,89.3,116.5,61.55,51.35,55.3,41.45,46.3,74.3,214.9,8.0,9.25,65.3,16.3,26.1,69.35,226.45,128.2,10.6,5.2,50.0,6.0,12.0,72.0,101.0,13,4,7,12,9,12,13,12,25.25,20.75,20.3,15.05,13.2,20.0,23.85,26.75,28.7,25.15,23.05,18.05,15.4,23.1,26.65,30.2,22.8,17.5,18.55,13.05,11.6,17.9,22.05,24.55,32.4,28.7,28.0,29.0,25.3,29.4,33.7,36.5,19.0,11.8,13.5,7.5,6.4,10.0,17.6,20.0,81.5,86.0,85.0,85.5,77.5,89.0,88.5,85.5,39,29,45,34,42,28,55,44,110.0,165.5,38.0,61.0,27.5,68.5,77.0,166.5
2009,Ha_Nam,74.65,90.05,82.75,80.8,38.85,43.3,50.85,72.35,223.7,179.55,17.1,8.0,5.95,70.1,101.15,334.9,181.8,128.3,14.8,5.0,4.8,26.0,34.0,127.0,14,8,6,6,9,18,16,19,26.0,21.45,18.0,15.7,21.45,20.3,23.6,26.5,29.1,24.5,21.7,18.85,24.3,22.9,26.55,29.45,23.9,19.2,15.45,13.4,19.65,18.5,21.85,24.5,32.6,29.5,26.0,25.0,32.3,32.3,35.9,33.9,20.7,12.2,10.8,8.3,15.8,12.8,16.6,21.6,84.0,79.0,79.0,79.0,90.5,89.0,89.0,87.0,52,32,40,32,55,32,42,54,96.5,124.5,102.0,111.5,75.0,33.5,75.0,157.0
2010,Ha_Nam,96.7,113.05,76.05,41.25,52.8,59.75,42.45,67.55,80.2,2.85,20.2,108.85,8.75,13.5,36.95,140.85,32.9,4.6,16.1,60.0,4.0,5.4,7.8,76.0,10,3,8,13,13,13,19,18,26.0,21.3,19.7,17.65,19.9,21.1,22.6,27.85,29.7,25.2,22.8,20.25,22.9,24.05,25.25,31.2,23.5,18.8,17.7,15.9,18.05,19.25,20.75,25.6,33.5,35.2,29.4,27.6,36.9,33.4,31.6,38.6,20.4,13.0,13.2,11.5,9.5,12.8,14.2,22.0,81.0,74.0,80.0,86.0,86.5,84.0,90.5,87.5,36,36,36,39,37,37,55,44,130.5,134.5,82.0,68.0,56.5,50.0,101.5,178.0
2011,Ha_Nam,109.5,101.35,70.7,67.5,34.0,41.0,48.5,72.0,203.9,14.8,34.45,11.65,17.5,79.95,53.7,137.35,172.0,14.0,47.2,5.0,7.6,24.5,50.0,102.2,14,6,10,9,13,23,11,15,24.7,21.8,19.4,12.65,16.85,16.3,22.45,26.3,27.95,25.3,22.9,14.65,19.35,18.6,25.25,30.0,22.25,19.15,16.85,11.05,15.35,14.6,20.45,23.85,33.2,29.0,27.6,21.6,26.5,25.2,30.6,36.0,14.5,15.0,9.9,7.4,10.4,8.2,15.8,20.1,79.0,76.5,79.0,75.0,87.0,87.5,88.5,84.0,31,38,35,40,56,47,49,49,108.0,92.0,93.0,8.5,39.5,22.0,74.5,172.5
2012,Ha_Nam,69.5,77.0,86.5,23.5,26.0,33.5,51.5,69.0,119.15,99.85,19.3,41.4,27.75,32.1,44.0,241.25,39.5,38.3,12.0,9.3,4.5,9.0,35.5,120.0,17,9,7,21,20,21,4,15,24.0,23.4,17.05,14.35,15.65,19.1,24.9,28.4,26.9,26.95,20.1,16.05,18.0,21.15,28.15,31.8,22.0,20.8,14.75,13.15,14.15,17.6,22.9,26.05,33.1,30.7,23.7,21.7,26.4,27.7,36.8,38.0,18.0,17.4,9.2,8.0,9.4,12.4,18.7,22.9,84.0,81.5,74.0,90.5,91.0,89.5,87.5,86.5,41,43,31,58,56,35,43,49,74.0,108.0,71.5,2.0,16.0,13.0,146.5,192.5
2013,Ha_Nam,86.0,64.5,58.0,41.5,32.0,46.5,51.0,86.5,333.85,148.9,45.25,24.6,27.4,28.8,56.55,217.2,168.0,81.6,42.2,9.3,12.8,15.9,31.0,66.0,13,11,15,14,12,14,15,15,25.85,23.25,19.1,15.2,19.35,22.75,24.2,28.4,29.2,26.5,22.0,16.85,21.8,25.35,27.0,32.0,23.5,21.0,17.05,13.75,17.65,21.15,22.4,25.8,32.5,34.1,29.6,24.3,27.6,30.1,33.5,39.5,21.0,14.4,11.2,9.0,12.3,14.5,15.8,21.2,82.5,85.5,83.5,86.5,90.5,89.0,88.0,84.0,47,45,43,50,54,49,52,40,145.0,114.5,58.5,17.5,35.0,58.5,80.0,182.0
2014,Ha_Nam,117.5,79.0,92.0,76.8,35.5,18.5,35.0,82.15,182.65,63.35,19.45,3.9,36.25,87.0,180.4,124.85,124.0,39.2,14.0,4.8,7.0,32.0,214.0,69.0,10,11,5,4,19,28,20,14,25.05,22.2,15.65,17.15,16.6,18.95,24.6,28.4,28.65,24.85,19.5,20.55,18.55,20.95,26.7,31.95,22.55,20.3,12.7,14.45,15.1,17.65,23.25,25.75,33.2,30.6,25.0,25.2,26.1,29.0,31.5,38.2,18.4,14.5,7.9,8.3,8.0,13.4,19.6,19.8,79.0,81.0,76.0,80.0,87.5,94.5,92.0,84.0,33,41,40,32,43,67,73,44,133.0,56.0,163.5,127.5,30.5,8.5,10.0,206.0
2015,Ha_Nam,93.0,55.0,66.0,57.0,31.0,24.5,62.0,80.5,237.7,94.5,36.75,34.0,49.0,57.5,21.0,134.0,95.0,82.0,17.3,22.0,62.0,26.0,12.0,114.0,11,10,9,10,23,20,11,12,26.35,22.85,17.05,17.5,18.65,21.25,24.25,29.65,29.9,25.85,20.2,20.8,20.65,23.1,27.5,33.1,23.65,20.6,14.7,15.1,17.2,19.8,21.85,27.2,34.6,31.8,26.2,26.0,27.0,29.9,34.6,40.1,20.4,16.3,10.4,9.7,10.8,15.1,14.2,23.0,79.5,85.5,76.0,84.0,87.5,93.5,74.5,83.0,42,48,29,44,50,69,44,41,156.0,98.0,76.0,108.5,20.0,21.5,131.0,227.0
2016,Ha_Nam,85.5,60.0,49.15,33.1,66.15,30.95,31.65,64.0,128.5,290.5,60.5,142.5,9.0,37.0,119.0,199.5,175.0,116.0,16.0,58.0,3.0,22.0,65.0,114.0,17,16,15,20,8,20,20,16,26.35,24.5,18.75,17.0,16.15,19.15,24.25,28.1,29.95,27.5,21.35,19.35,19.45,21.35,26.65,30.9,23.8,22.45,16.75,15.5,13.75,17.6,22.55,25.95,33.7,34.5,31.5,29.8,32.9,26.0,32.0,35.6,18.5,15.2,12.2,5.6,8.5,12.9,19.3,22.2,80.5,85.5,84.5,89.0,78.0,90.5,91.0,85.0,47,51,47,46,33,40,63,40,159.0,96.5,56.0,42.0,99.0,22.0,66.5,177.0
2017,Ha_Nam,92.1,70.6,80.95,49.75,63.5,35.5,53.0,71.5,92.5,27.0,5.5,62.5,11.0,91.0,61.5,111.0,39.0,17.0,1.0,46.0,9.0,61.0,37.0,40.0,11,5,2,9,7,23,10,14,27.1,22.7,20.55,19.3,19.45,20.95,24.1,27.1,30.45,26.0,23.95,22.0,22.2,23.55,27.35,30.3,24.65,20.4,18.1,17.35,17.6,19.4,22.15,24.75,33.7,30.9,29.7,27.0,28.4,29.2,35.3,34.8,19.6,14.3,13.0,12.0,12.5,15.3,17.4,21.2,81.0,81.0,77.0,86.0,78.0,90.0,86.5,84.5,48,38,35,54,35,50,51,35,157.0,111.5,138.5,58.5,80.0,34.0,102.5,161.0
2018,Ha_Nam,78.5,76.5,72.5,41.0,50.5,46.5,40.0,64.5,522.0,20.0,29.5,31.0,14.0,26.0,108.5,221.0,220.0,6.0,22.0,8.0,6.0,19.0,64.0,115.0,18,13,12,19,12,9,10,18,25.35,21.95,17.65,17.45,16.75,21.3,23.45,28.5,28.5,25.05,20.35,19.6,19.0,24.2,26.3,31.95,23.05,19.7,15.75,16.0,15.2,19.45,21.5,26.1,33.0,33.3,25.9,28.5,24.9,31.9,31.3,36.7,18.5,13.3,9.0,8.3,10.6,13.5,15.0,22.4,82.5,79.0,77.5,86.5,80.5,87.5,87.5,85.0,40,32,24,37,31,36,45,47,112.5,66.5,68.5,27.5,40.0,90.0,77.0,248.5
2019,Ha_Nam,77.0,60.0,48.5,41.0,32.0,31.5,48.0,58.5,243.0,56.0,86.5,25.0,22.0,34.5,86.0,246.5,148.0,51.0,27.0,16.0,23.0,18.0,73.0,111.0,12,10,12,13,11,16,14,21,25.6,23.85,19.4,17.75,21.65,21.8,26.45,27.5,28.8,27.25,22.0,20.15,24.4,24.3,29.3,30.45,23.0,21.45,17.45,16.0,19.95,20.1,24.6,25.45,32.7,30.7,30.2,26.7,30.6,30.4,37.2,41.1,19.3,15.5,8.9,10.0,12.9,16.2,21.0,21.1,82.0,82.5,86.0,87.0,91.0,91.0,89.5,88.0,35,29,49,55,61,57,54,39,149.5,151.0,103.5,35.5,85.0,33.5,95.5,132.0
2020,Ha_Nam,73.5,70.5,75.5,50.5,38.5,29.5,39.5,75.0,217.5,65.5,11.5,112.0,31.0,98.0,62.5,55.5,58.0,35.0,12.0,111.0,13.0,60.0,26.0,46.0,16,10,12,15,16,22,16,12,26.0,22.85,19.25,20.0,19.5,22.5,22.0,29.0,29.6,26.35,23.05,22.4,22.3,24.7,24.75,32.3,23.5,20.3,16.5,17.75,17.7,20.95,19.85,26.75,34.0,30.0,28.8,28.7,28.2,33.4,30.8,39.3,18.0,17.0,10.1,11.5,13.6,15.4,14.7,23.2,83.0,81.5,79.0,86.0,88.0,91.0,88.5,83.0,38,42,31,45,45,52,49,42,153.0,137.0,150.0,73.0,62.0,34.5,57.0,202.0
