Year,Province,Eva_V,Eva_VI,Eva_VII,Eva_VIII,Eva_IX,Eva_X,Eva_XI,Prcp_V,Prcp_VI,Prcp_VII,Prcp_VIII,Prcp_IX,Prcp_X,Prcp_XI,Prcp_max_V,Prcp_max_VI,Prcp_max_VII,Prcp_max_VIII,Prcp_max_IX,Prcp_max_X,Prcp_max_XI,Rdays_V,Rdays_VI,Rdays_VII,Rdays_VIII,Rdays_IX,Rdays_X,Rdays_XI,Tavg_V,Tavg_VI,Tavg_VII,Tavg_VIII,Tavg_IX,Tavg_X,Tavg_XI,Tmax_avg_V,Tmax_avg_VI,Tmax_avg_VII,Tmax_avg_VIII,Tmax_avg_IX,Tmax_avg_X,Tmax_avg_XI,Tmin_avg_V,Tmin_avg_VI,Tmin_avg_VII,Tmin_avg_VIII,Tmin_avg_IX,Tmin_avg_X,Tmin_avg_XI,Tmax_V,Tmax_VI,Tmax_VII,Tmax_VIII,Tmax_IX,Tmax_X,Tmax_XI,Tmin_V,Tmin_VI,Tmin_VII,Tmin_VIII,Tmin_IX,Tmin_X,Tmin_XI,Havg_V,Havg_VI,Havg_VII,Havg_VIII,Havg_IX,Havg_X,Havg_XI,Hmin_V,Hmin_VI,Hmin_VII,Hmin_VIII,Hmin_IX,Hmin_X,Hmin_XI,Shours_V,Shours_VI,Shours_VII,Shours_VIII,Shours_IX,Shours_X,Shours_XI
2000,Ha_Noi,76.05,80.8,88.35,67.7,76.025,64.2,91.475,216.375,193.875,315.2,158.1,91.425,237.7,4.875,94.7,69.3,97.0,49.6,40.8,74.1,10.6,17,18,16,14,15,15,3,26.825,28.075,29.075,28.55,26.875,24.95,21.175,31.2,32.3,33.325,33.025,31.325,29.1,26.05,23.9,25.0,26.2,25.875,24.3,22.5,17.675,38.0,35.9,37.4,36.4,35.4,34.4,30.1,18.3,22.0,23.7,23.4,19.1,17.6,10.0,85.0,83.25,83.5,86.5,84.25,86.0,76.75,43,52,52,54,32.0,35,32,128.425,131.425,207.5,163.3,142.725,140.825,170.85
2000,Hai_Duong,87.85,110.75,95.7,68.55,83.9,78.8,127.6,155.85,241.8,310.15,255.95,143.85,235.65,1.35,58.7,83.9,90.0,63.7,60.4,80.6,1.5,15,19,14,19,14,13,3,26.95,28.05,29.1,28.6,26.75,24.7,21.0,30.8,31.65,33.0,32.4,30.75,28.7,25.75,24.5,25.3,26.2,25.9,24.15,22.35,17.4,35.6,34.8,35.9,35.6,34.0,34.2,29.7,18.7,21.4,23.0,23.4,20.1,16.7,10.8,84.5,84.5,83.0,86.5,83.0,85.0,74.0,49,52,53,55,27.0,39,26,165.65,147.8,213.65,165.7,155.4,157.55,180.65
2000,Hung_Yen,93.9,100.3,105.3,85.7,80.5,76.5,100.4,143.2,111.8,155.2,262.0,282.0,172.8,3.6,92.1,18.7,30.5,49.7,60.7,62.0,2.1,15,13,12,16,19,11,6,26.7,27.9,29.1,28.4,26.3,24.4,20.6,30.7,31.8,32.9,32.0,29.9,28.2,25.2,24.2,25.1,26.4,25.9,24.0,22.4,17.6,35.6,34.8,35.6,34.9,33.3,32.9,29.0,18.9,21.6,22.8,23.9,21.7,17.4,11.8,87.0,86.0,85.0,90.0,89.0,86.0,78.0,55,56,57,67,51.0,47,40,152.0,154.1,209.1,167.1,143.2,133.8,158.5
2000,Nam_Dinh,72.5,88.1,89.0,68.3,66.2,63.5,88.8,130.2,157.8,327.3,313.9,360.3,98.6,1.4,46.0,68.1,188.2,94.1,107.6,33.8,1.2,15,13,12,17,18,13,2,27.0,28.4,29.4,28.7,26.6,24.7,20.9,30.9,32.5,33.3,32.8,30.2,28.6,25.7,24.7,25.5,26.5,26.1,24.3,22.5,17.6,36.1,35.5,35.8,36.1,34.4,33.0,29.6,19.3,21.0,23.0,23.2,21.5,17.8,12.1,86.0,82.0,82.0,86.0,87.0,87.0,79.0,49,51,57,63,43.0,45,34,149.3,106.3,185.6,164.1,133.1,145.8,147.2
2000,Ninh_Binh,80.25,95.8,88.95,67.35,68.25,75.5,99.75,135.9,151.8,346.25,191.85,712.7,225.05,4.5,49.5,82.9,120.7,75.0,356.1,74.0,2.4,18,14,18,14,19,17,6,26.9,28.25,29.05,28.4,26.4,24.9,21.1,30.7,32.3,33.05,32.25,30.05,28.35,25.4,24.25,25.2,26.0,25.8,23.85,22.7,18.05,36.4,35.5,37.2,35.5,33.7,32.7,29.5,19.6,20.8,22.5,23.7,19.0,17.7,11.4,84.5,82.5,83.5,87.0,86.5,86.0,77.5,54,51,49,56,38.0,41,32,150.9,165.25,210.8,174.0,145.1,139.7,155.75
2000,Thai_Binh,61.9,86.8,99.3,64.6,55.0,69.4,94.3,196.7,147.7,167.6,130.5,324.9,58.0,3.7,91.4,62.2,42.2,45.2,76.8,17.6,1.3,18,12,18,16,18,11,5,26.2,27.6,28.9,28.5,26.0,24.1,20.3,29.9,31.2,32.6,32.2,29.7,28.2,25.1,24.0,25.0,26.1,26.0,23.5,21.8,17.0,35.0,33.3,35.1,35.9,33.9,30.0,29.0,18.9,21.2,22.2,23.2,20.7,16.9,12.2,89.0,86.0,85.0,90.0,91.0,88.0,82.0,53,53,54,62,52.0,46,35,158.2,189.1,210.5,182.5,142.6,150.8,158.8
2000,Ha_Nam,76.8,108.3,114.8,87.1,80.4,77.15,104.6,152.7,74.35,166.3,260.65,435.85,146.15,5.05,53.2,33.6,56.5,74.3,197.3,73.7,3.0,16,13,15,18,20,13,5,26.65,28.25,29.3,28.7,26.6,24.8,21.05,29.95,31.35,32.5,31.95,29.85,28.15,25.0,24.4,25.8,26.55,26.1,23.95,22.75,18.05,35.7,35.1,36.0,35.4,33.3,33.2,28.7,18.6,21.3,22.8,22.9,20.4,17.7,12.6,87.5,83.5,82.5,86.5,86.5,86.5,78.5,54,55,51,54,43.0,44,35,163.85,161.35,216.95,172.5,146.05,146.0,160.2
2001,Ha_Noi,76.4,72.175,72.025,62.85,70.425,66.2,80.425,321.675,369.3,481.825,418.1,103.075,222.25,40.1,118.8,113.3,143.9,169.8,58.3,100.3,24.7,23,17,18,18,12,15,6,26.625,28.6,28.825,28.25,27.8,25.6,20.5,31.1,33.05,32.95,32.525,32.325,29.825,26.275,24.05,25.65,25.925,25.65,24.875,23.05,16.5,37.1,37.0,37.8,36.7,35.6,34.9,32.3,21.2,21.6,22.4,23.4,20.4,20.0,9.0,84.5,85.0,86.0,87.25,84.25,85.0,78.75,44,55,53,54,46.0,49,39,132.075,154.175,163.725,161.25,162.725,105.05,187.8
2001,Hai_Duong,84.85,74.25,87.1,69.65,79.15,81.0,105.55,182.4,288.25,287.85,363.4,137.2,172.6,77.95,68.5,48.0,65.4,139.7,45.9,64.2,89.9,17,18,18,17,12,16,7,26.65,28.4,28.75,28.3,27.55,25.65,20.55,30.6,32.1,32.15,31.95,31.55,29.6,25.85,24.0,25.6,26.2,25.9,24.95,23.15,16.75,36.1,35.6,36.1,35.6,34.5,36.4,31.5,21.0,22.4,23.5,23.5,22.0,19.5,10.8,84.5,86.5,86.5,87.0,84.5,84.5,77.0,40,59,58,52,44.0,48,31,148.65,159.0,161.7,168.15,181.8,125.75,194.55
2001,Hung_Yen,97.2,97.7,95.1,71.7,73.8,71.5,86.0,235.9,186.4,274.4,450.2,177.9,368.6,51.6,51.1,51.3,69.6,85.7,51.2,100.2,17.5,13,16,15,17,11,15,8,26.4,28.6,28.9,28.4,27.5,25.4,20.3,30.5,32.5,32.6,31.6,31.1,29.2,25.4,23.7,25.9,26.5,26.1,25.1,23.2,17.1,36.3,36.3,36.3,35.2,34.8,32.6,30.7,21.4,23.0,23.7,23.6,23.5,20.6,12.3,88.0,88.0,86.0,88.0,87.0,88.0,82.0,54,57,54,60,51.0,54,42,144.7,165.1,162.5,169.9,180.5,106.9,193.1
2001,Nam_Dinh,79.5,80.6,88.2,63.8,71.0,61.6,81.5,200.6,232.5,334.3,379.3,207.1,336.5,87.4,53.4,42.8,58.0,71.5,39.0,126.3,33.4,15,17,15,19,12,12,8,26.6,28.8,29.3,28.3,27.6,25.5,20.5,30.8,32.8,33.2,31.8,31.3,29.4,25.6,24.0,26.1,26.4,26.1,25.2,23.2,17.2,36.6,36.6,36.6,35.6,34.1,32.8,30.8,21.4,23.1,24.1,23.7,23.7,20.5,12.5,85.0,84.0,84.0,87.0,86.0,87.0,81.0,52,48,53,61,51.0,56,40,150.0,157.0,169.0,149.0,161.0,111.0,186.0
2001,Ninh_Binh,84.45,81.95,85.6,62.1,69.25,66.65,94.9,192.65,159.6,305.75,220.4,407.5,275.65,14.45,72.3,42.9,86.7,78.5,63.4,184.9,17.7,19,18,20,20,15,20,8,26.75,28.55,29.05,28.15,27.3,25.45,20.65,30.75,32.4,32.85,31.55,30.9,28.9,25.55,23.85,25.8,26.25,25.75,24.75,23.2,17.3,38.2,36.7,37.1,35.8,33.8,33.6,31.4,22.0,22.0,24.4,23.8,22.0,20.6,10.8,84.0,85.0,84.5,87.5,86.5,87.0,78.0,44,51,52,58,47.0,52,33,142.65,161.45,174.95,168.1,157.85,112.6,193.55
2001,Thai_Binh,50.9,69.4,89.2,54.3,54.4,61.2,82.1,434.6,158.9,333.8,405.4,240.2,296.9,52.4,106.5,43.5,80.1,85.3,107.6,115.1,30.3,16,16,16,18,12,18,6,25.9,28.2,29.0,28.0,26.9,25.1,20.2,29.8,32.2,32.5,31.3,31.0,29.1,25.5,23.3,25.5,26.1,25.9,24.4,22.6,16.8,35.4,36.5,36.0,34.8,34.5,32.0,31.2,21.4,21.8,23.0,23.5,22.3,20.1,12.3,89.0,87.0,85.0,91.0,89.0,89.0,81.0,54,46,53,60,50.0,54,41,158.8,167.5,172.3,170.0,182.2,121.1,194.5
2001,Ha_Nam,72.5,78.75,96.45,79.0,74.25,80.85,98.15,289.45,175.9,317.9,353.4,205.2,410.8,31.65,81.6,79.1,85.6,73.3,81.2,200.2,17.1,17,18,20,22,14,17,6,26.4,28.6,29.2,28.3,27.4,25.55,20.65,29.6,31.65,32.4,31.05,30.45,28.75,25.15,23.9,25.95,26.35,25.9,24.95,23.25,17.45,35.7,36.1,37.0,34.8,33.8,32.6,30.7,21.4,22.4,23.9,23.8,22.9,20.6,12.3,86.5,86.5,84.5,87.0,86.0,86.5,79.5,51,54,56,60,50.0,59,39,151.45,167.3,176.6,173.75,159.25,115.25,197.15
2002,Ha_Noi,74.9,74.675,78.275,66.675,76.325,70.15,54.825,267.025,209.525,199.725,168.45,177.25,147.475,55.9,47.0,70.0,93.0,104.0,55.9,61.8,14.0,21,24,23,17,14,13,12,27.1,29.075,29.075,27.925,27.1,24.625,20.75,31.3,33.225,33.175,32.325,31.95,29.3,24.625,24.4,26.175,26.475,25.35,24.325,21.725,18.2,38.8,36.0,37.7,36.1,35.5,34.5,33.7,20.8,23.9,24.0,21.0,21.6,16.1,12.9,85.0,84.75,83.25,85.0,82.25,83.25,82.5,50,56,55,47,45.0,42,34,136.775,129.35,110.2,153.275,148.775,147.075,100.125
2002,Hai_Duong,73.4,88.1,81.4,78.55,101.7,98.35,83.25,257.55,179.4,243.65,317.85,109.8,186.15,67.85,72.3,63.6,84.7,83.0,42.0,144.0,19.0,18,18,17,16,12,9,12,26.95,28.95,28.9,27.9,27.0,24.95,20.55,30.9,32.65,32.55,31.8,31.35,29.4,24.35,24.4,26.2,26.25,25.4,24.15,21.15,18.0,36.1,35.2,35.8,34.6,34.3,33.0,31.5,21.1,23.5,23.5,22.5,20.4,17.0,12.7,90.0,86.0,86.0,89.0,85.0,83.0,86.0,59,62,63,62,58.0,27,28,155.0,134.0,134.0,179.0,175.0,153.0,103.0
2002,Hung_Yen,78.1,83.6,84.9,74.8,78.7,81.7,72.4,269.6,158.1,137.9,117.9,96.7,212.2,50.5,71.0,49.0,34.0,23.0,25.0,89.0,12.0,15,15,16,17,12,12,11,27.0,29.2,29.0,27.8,26.8,24.7,20.6,30.8,33.3,32.8,31.6,30.8,29.2,24.3,24.6,26.2,26.6,25.5,24.4,21.9,18.1,35.9,36.3,36.9,35.0,33.5,33.7,31.7,21.6,22.8,24.2,23.5,21.2,17.7,12.7,87.0,62.0,86.0,88.0,84.0,84.0,85.0,56,55,59,58,77.0,43,38,155.0,149.0,121.0,161.0,147.0,144.0,94.0
2002,Nam_Dinh,78.7,87.6,93.0,71.0,82.7,69.5,57.3,365.8,130.5,136.0,178.2,87.0,194.9,57.7,95.0,30.0,42.0,40.0,21.0,64.0,20.0,16,17,18,14,14,16,9,27.3,29.4,29.3,28.0,27.0,25.0,20.8,31.3,33.6,33.0,31.9,30.9,29.0,24.1,25.0,26.6,27.1,25.7,24.7,22.0,18.5,36.0,35.8,37.0,34.6,33.5,33.0,32.2,22.4,24.2,24.2,23.3,21.6,18.0,13.2,85.0,83.0,82.0,86.0,84.0,85.0,83.0,57,55,53,61,57.0,43,39,164.0,158.0,101.0,156.0,146.0,144.0,89.0
2002,Ninh_Binh,87.45,89.65,88.4,66.65,89.2,78.4,67.55,451.3,262.7,230.0,251.45,162.25,158.05,44.8,151.0,141.0,84.0,78.0,61.0,66.6,15.9,18,21,22,24,20,18,12,27.15,28.95,28.85,27.75,26.95,24.7,20.85,31.0,33.2,32.5,31.55,30.95,28.8,24.15,24.6,26.1,26.45,25.45,24.45,22.0,18.45,38.3,35.8,36.4,35.0,34.3,34.3,32.2,21.6,24.0,24.6,22.9,21.5,16.2,13.3,86.0,83.5,83.5,86.5,81.5,83.0,82.5,46,57,51,53,49.0,35,34,154.4,163.8,114.45,152.5,144.25,149.8,93.45
2002,Thai_Binh,58.5,85.6,113.0,66.8,99.0,89.0,78.6,308.2,73.9,294.7,192.9,62.7,231.2,69.9,124.0,41.0,81.0,60.0,26.0,81.0,23.0,18,9,16,13,15,12,12,27.5,29.2,29.1,27.7,26.6,24.2,20.5,30.0,33.1,32.6,31.5,30.8,28.7,24.0,24.2,26.5,26.6,25.1,24.0,21.2,18.1,34.6,35.7,36.4,34.0,33.2,32.0,31.4,21.0,23.0,23.3,23.0,21.2,16.6,12.8,89.0,83.0,83.0,88.0,86.0,81.0,86.0,54,50,56,60,57.0,35,37,180.0,183.0,122.0,176.0,166.0,154.0,92.0
2002,Ha_Nam,81.15,91.0,96.75,81.3,95.05,92.1,74.55,488.3,166.6,226.5,298.9,158.4,235.95,66.1,175.0,77.2,109.0,160.0,51.0,145.0,37.3,17,19,17,15,17,14,10,27.25,29.25,28.95,28.0,26.85,24.65,20.85,30.4,32.45,32.15,31.3,30.5,28.45,23.8,24.8,26.75,26.55,25.45,24.3,22.15,18.55,36.1,35.2,36.5,34.3,33.5,33.9,31.5,20.8,23.8,23.6,22.9,21.1,17.0,13.3,86.0,84.5,84.0,86.0,83.5,84.5,84.5,59,59,52,58,53.0,34,31,163.0,161.5,113.5,170.5,151.5,155.5,100.0
2003,Ha_Noi,89.93333333,109.0333333,93.73333333,63.5,63.5,98.3,94.6,309.375,215.275,282.725,301.35,253.475,32.575,1.625,135.0,87.0,203.0,123.0,84.5,27.0,3.0,17,15,14,21,17,6,3,28.4,29.575,29.225,28.6,27.1,25.75,23.1,33.075,34.0,33.55,32.75,31.4,30.65,27.925,25.275,26.45,26.2,26.025,24.55,22.8,19.975,40.4,38.7,36.7,36.7,35.0,35.6,32.0,18.9,23.1,23.4,23.2,21.8,18.2,11.5,85.5,79.25,84.5,87.0,86.5,79.0,77.5,36,46,52,51,43.0,40,39,174.0,167.925,221.375,126.55,147.45,161.7,128.85
2003,Hai_Duong,103.45,129.8,123.85,79.2,79.65,126.45,110.25,156.85,237.7,337.85,460.2,193.7,59.35,2.8,42.5,65.0,143.1,169.0,56.8,71.0,4.0,21,17,15,24,14,4,2,28.05,29.45,29.3,28.65,27.15,25.5,22.8,32.0,33.4,32.75,32.0,31.25,30.05,27.55,25.35,26.4,26.4,25.6,24.7,22.55,19.55,38.2,36.8,35.8,35.5,34.6,32.7,32.5,19.2,23.2,24.3,23.5,22.2,18.9,13.1,89.0,82.0,86.0,89.0,90.0,81.0,80.0,50,55,63,64,55.0,40,43,175.0,161.0,251.0,130.0,169.0,175.0,141.0
2003,Hung_Yen,78.3,90.1,73.9,55.4,55.7,76.2,72.7,215.5,216.7,139.1,226.4,307.4,20.3,7.4,113.0,39.0,43.0,73.7,113.0,8.0,5.0,11,10,12,18,12,6,2,28.4,29.8,29.5,28.5,27.2,25.6,22.8,32.5,33.6,33.0,33.6,30.8,30.2,27.1,25.7,27.0,27.2,26.2,25.7,22.6,19.9,37.7,37.2,35.0,35.4,33.7,33.6,31.0,20.4,23.5,25.0,23.8,22.5,19.5,14.3,86.0,83.0,87.0,92.0,89.0,81.0,80.0,49,54,56,64,51.04,41,46,184.0,173.0,251.0,117.0,153.0,162.0,117.0
2003,Nam_Dinh,78.8,112.9,113.2,62.3,57.3,89.4,87.3,180.1,103.1,168.6,311.6,499.5,36.0,2.4,61.0,84.0,53.0,61.0,215.0,35.0,1.0,15,10,10,17,14,3,3,28.6,29.9,30.0,28.8,27.5,26.0,23.3,32.9,34.0,33.7,32.2,30.8,30.4,27.7,26.2,27.1,27.8,26.6,25.3,23.1,20.4,38.2,37.4,36.0,36.0,34.2,33.6,31.7,20.8,24.2,25.2,24.2,23.0,19.9,14.1,85.0,78.0,81.0,87.0,86.0,78.0,77.0,50,49,53,57,55.0,40,42,184.0,167.0,254.0,116.0,130.0,159.0,118.0
2003,Ninh_Binh,89.1,129.6,103.75,65.3,75.95,112.25,119.25,121.75,296.7,182.6,249.8,474.6,21.15,1.15,37.0,120.0,64.0,97.8,187.9,17.0,1.2,19,13,13,22,16,5,3,28.65,29.65,29.45,28.4,27.15,25.7,23.3,32.85,33.75,33.25,32.05,30.55,30.0,27.8,25.75,26.4,26.8,25.95,24.85,22.85,20.15,39.2,38.1,36.4,35.9,34.5,35.1,32.2,19.4,23.9,23.6,23.4,22.7,19.1,12.9,83.0,78.0,82.0,88.0,87.0,79.0,77.0,37,48,51,50,52.0,38,39,193.5,168.5,253.8,122.85,140.45,162.9,136.25
2003,Thai_Binh,83.1,123.7,110.4,50.7,53.9,95.0,105.5,140.4,95.2,152.0,392.2,963.7,55.4,2.7,44.0,35.0,82.0,84.0,512.0,54.0,1.0,14,10,9,18,16,3,2,27.9,29.6,29.6,28.4,26.6,25.0,22.7,31.5,33.4,32.4,31.7,30.2,29.7,27.2,25.4,26.6,27.3,25.9,24.4,21.9,19.6,35.7,37.5,35.2,34.6,33.6,32.5,31.3,19.5,23.9,25.1,24.0,22.0,18.8,13.5,88.0,79.0,85.0,90.0,90.0,83.0,82.0,52,50,59,59,51.0,39,45,200.0,182.0,291.0,142.0,147.0,173.0,135.0
2003,Ha_Nam,91.35,125.35,115.25,78.85,72.6,114.95,102.25,143.9,128.05,158.25,309.7,714.95,47.3,4.7,97.6,55.0,84.7,72.0,324.0,42.0,6.0,13,11,11,23,14,6,2,28.4,29.7,29.75,28.7,27.2,25.65,23.1,31.85,33.05,32.65,31.8,30.25,29.35,26.9,26.1,27.15,27.45,26.15,24.95,22.95,20.35,37.5,37.1,35.5,35.0,33.9,34.0,31.0,19.8,23.8,24.4,23.5,22.6,19.0,13.3,85.5,79.5,83.0,87.5,87.5,80.5,80.0,45,46,55,59,54.0,47,40,194.5,177.5,267.0,132.0,139.5,170.5,131.5
2004,Ha_Noi,65.75,97.05,80.05,69.05,64.825,106.15,79.3,255.475,222.8,279.25,241.025,149.15,35.025,19.2,84.7,90.0,95.0,85.0,70.0,14.0,18.0,19,13,17,17,10,3,7,26.06666667,29.1,28.3,28.7,27.7,25.0,22.56666667,30.575,33.575,32.4,33.15,32.1,30.125,27.275,23.275,25.975,26.3,26.0,25.0,21.95,19.55,37.5,39.0,39.6,37.7,34.7,33.7,33.2,18.5,20.4,22.8,23.2,21.5,18.5,12.4,88.25,80.25,84.25,86.5,85.25,75.25,80.25,53,46,51,56,51.0,36,35,131.125,179.85,112.025,170.525,140.6,138.05,128.85
2004,Hai_Duong,87.5,124.5,105.0,77.2,79.1,137.85,104.6,232.35,67.5,405.7,278.7,119.5,0.95,13.15,86.8,21.7,223.0,82.0,53.0,1.4,7.0,22,9,18,16,12,3,6,25.85,29.0,28.55,28.55,27.1,24.8,22.25,29.85,34.05,32.05,32.65,31.7,30.0,27.0,23.05,26.4,26.1,25.75,24.8,21.4,19.1,35.7,38.0,39.0,35.9,34.5,33.6,31.5,17.0,20.6,23.0,22.6,21.5,18.6,12.3,87.0,81.0,83.0,85.0,83.0,77.0,79.0,61,51,54,61,55.0,38,31,143.0,186.0,104.0,183.0,134.0,154.0,121.0
2004,Hung_Yen,77.1,112.6,94.5,78.6,67.2,99.1,72.9,186.6,119.4,263.6,181.2,104.9,1.4,17.2,45.0,66.0,72.0,32.0,57.0,1.0,6.0,16,13,14,18,13,1,4,25.8,28.7,28.6,28.4,27.3,24.8,22.1,29.9,32.9,32.1,32.3,31.0,29.4,26.4,23.2,26.0,26.5,25.9,24.9,21.6,19.2,34.5,38.1,38.5,35.3,33.9,32.5,30.6,18.2,21.0,24.0,23.4,21.4,19.7,13.3,88.0,82.0,85.0,87.0,86.0,78.0,82.0,58,52,60,58,55.0,43,40,145.0,194.0,103.0,177.0,101.0,101.0,128.0
2004,Nam_Dinh,66.5,100.5,73.3,51.8,48.8,79.2,74.84,188.4,193.2,311.9,196.6,271.5,35.3,311.9,84.0,127.0,82.0,47.0,90.0,33.0,8.0,12,11,12,16,13,5,5,26.3,29.2,28.8,28.6,27.5,25.2,22.3,30.5,33.8,32.3,32.8,31.6,29.7,26.7,23.8,26.5,27.0,26.4,25.4,21.8,19.3,35.6,38.4,38.5,35.6,34.5,32.5,31.2,18.4,20.9,24.0,24.6,22.2,19.7,13.6,72.0,80.0,83.0,86.0,86.0,78.0,82.0,52,46,52,58,54.0,42,42,143.0,210.0,92.0,155.0,127.0,120.0,113.0
2004,Ninh_Binh,86.95,134.65,114.65,70.05,67.0,119.9,102.4,148.5,197.4,216.0,235.05,300.65,22.7,26.25,43.1,96.0,65.3,52.7,113.1,21.0,13.3,16,11,16,19,14,4,6,26.15,28.85,28.65,28.2,27.0,24.75,22.4,30.25,33.2,32.1,32.15,31.0,29.45,26.9,23.55,26.05,26.25,25.7,24.35,21.5,19.3,35.9,38.5,38.5,35.4,34.2,32.4,32.0,18.2,21.3,23.0,23.8,21.7,18.9,12.5,85.0,80.0,82.0,86.0,86.5,77.0,80.0,50,45,48,60,48.0,38,41,137.05,213.3,102.45,168.7,138.45,117.8,140.1
2004,Thai_Binh,67.2,114.8,103.6,55.3,48.7,97.3,91.2,71.0,158.7,418.7,232.0,193.2,25.7,25.6,20.0,55.0,104.0,71.0,65.0,12.0,9.0,14,10,15,17,13,4,5,25.6,28.4,28.6,28.5,26.9,24.2,21.8,28.9,32.7,31.4,31.9,30.6,29.2,26.1,23.2,25.5,26.6,26.0,24.5,21.0,18.7,33.5,37.5,37.9,35.0,33.5,31.8,31.3,18.4,21.2,23.0,22.8,22.2,19.2,13.7,87.0,82.0,82.0,88.0,89.0,82.0,85.0,65,49,55,62,56.0,41,44,163.0,223.0,101.0,173.0,130.0,134.0,127.0
2004,Ha_Nam,78.15,119.45,54.85,77.95,77.9,115.55,99.3,154.85,142.3,251.5,210.35,189.7,19.9,41.55,47.0,114.9,84.0,104.9,76.0,14.1,32.2,16,10,15,17,12,6,7,25.95,28.8,28.65,28.6,27.35,24.85,22.4,29.4,32.4,31.0,31.9,30.9,29.05,26.25,23.6,26.3,26.2,26.2,24.85,21.85,19.65,36.0,38.6,38.2,34.7,34.3,32.0,30.9,17.9,21.0,23.5,23.7,21.4,19.5,13.8,87.5,81.5,83.5,86.5,86.5,78.5,81.5,56,45,46,63,54.0,38,41,147.0,214.5,104.5,183.0,137.0,138.5,145.5
2005,Ha_Noi,85.425,100.5,92.975,62.075,75.525,84.175,62.25,110.325,180.125,286.875,476.275,347.6,35.55,95.875,102.0,70.0,86.0,149.0,144.0,35.0,74.0,19,16,16,24,15,10,8,28.575,29.8,29.025,28.25,27.925,25.525,22.125,33.6,34.55,33.5,32.425,32.525,29.85,26.25,25.575,26.925,26.275,25.725,25.325,22.975,19.675,37.8,39.6,36.6,35.6,35.9,34.7,32.2,22.2,23.0,23.9,23.2,23.3,17.3,11.7,83.75,80.75,83.5,87.25,84.75,81.0,84.25,47,42,48,58,48.0,38,40,187.05,128.55,195.1,144.25,165.1,120.975,118.725
2005,Hai_Duong,113.1,103.4,109.95,74.2,106.3,110.85,89.5,143.1,246.25,282.25,291.2,259.9,14.5,115.8,32.0,119.0,69.0,82.7,91.2,20.0,66.0,14,15,17,20,11,5,8,28.5,29.5,28.95,28.15,28.2,25.25,22.15,32.85,33.7,32.65,31.9,32.2,30.0,26.0,25.65,26.7,26.3,25.65,25.1,22.8,19.55,36.7,38.0,37.0,34.5,34.9,34.2,31.2,22.2,22.8,23.5,23.1,22.4,16.6,12.7,85.0,82.0,83.0,87.0,84.0,80.0,82.0,60,51,59,65,59.0,44,44,209.0,134.0,214.0,146.0,184.0,138.0,136.0
2005,Hung_Yen,90.2,118.5,109.1,77.3,83.0,87.2,68.1,89.0,117.1,132.9,277.6,373.0,17.0,190.7,29.0,52.0,32.0,77.0,82.0,11.0,103.0,13,9,16,17,14,5,7,28.4,29.9,29.2,28.2,27.8,25.7,22.2,32.7,34.0,33.1,31.6,31.5,29.4,25.5,25.6,27.2,26.8,25.9,25.3,23.2,20.0,36.5,37.6,35.6,35.1,34.2,33.2,30.7,23.0,24.5,24.5,23.8,23.7,18.0,13.7,85.0,80.0,83.0,87.0,81.0,77.0,78.0,56,50,56,56,56.0,43,41,200.0,129.0,206.0,133.0,165.0,115.0,113.0
2005,Nam_Dinh,98.1,114.3,102.9,74.5,75.5,90.5,68.4,73.1,66.5,240.5,323.7,496.2,63.3,210.4,42.0,29.0,38.0,80.0,126.0,59.0,91.0,15,10,15,24,16,6,7,29.0,30.3,29.6,28.5,28.0,25.8,22.4,33.3,34.3,32.3,32.1,31.7,29.6,25.7,26.0,27.3,26.8,25.8,25.3,23.0,20.1,37.5,37.2,36.2,35.1,34.5,33.5,31.0,23.6,25.0,24.3,23.6,23.2,18.3,13.5,82.0,77.0,81.0,86.0,85.0,81.0,83.0,52,45,52,58,54.0,46,46,190.0,128.0,208.0,131.0,144.0,109.0,125.0
2005,Ninh_Binh,120.05,137.55,110.35,73.55,76.85,105.85,84.25,73.95,115.7,281.7,423.05,615.35,38.15,177.8,31.4,37.0,136.5,102.1,175.8,21.6,84.6,17,12,17,27,17,9,8,28.9,30.05,29.0,28.1,27.55,25.55,22.3,33.9,34.5,33.3,31.9,31.5,29.25,26.05,25.75,27.05,26.4,25.75,24.9,23.05,19.9,38.3,39.5,37.9,36.0,35.0,34.0,31.5,23.2,24.5,23.9,23.6,22.8,18.5,12.3,83.5,81.5,86.0,89.5,89.0,85.0,86.5,37,45,57,63,56.0,43,43,201.85,127.6,204.2,128.2,141.1,117.75,134.9
2005,Thai_Binh,71.2,124.4,111.6,58.4,63.3,78.7,73.3,108.7,142.3,462.3,350.0,417.7,98.0,348.8,56.0,49.0,103.0,109.0,133.0,81.0,290.0,13,9,12,16,14,8,7,28.0,29.5,29.3,28.1,27.5,25.1,22.1,31.5,33.3,32.2,31.2,31.1,29.3,25.6,25.8,27.0,26.9,26.0,25.0,22.7,19.8,36.2,36.7,36.2,34.0,33.7,33.0,30.6,23.4,24.0,24.3,23.5,20.5,17.9,13.5,88.0,83.0,83.0,88.0,88.0,83.0,84.0,59,47,56,64,59.0,48,47,219.0,144.0,231.0,146.0,155.0,120.0,133.0
2005,Ha_Nam,85.9,120.5,122.6,83.85,88.6,104.35,73.65,70.4,99.75,227.9,355.25,487.3,31.35,241.1,36.0,72.9,77.0,186.0,141.8,19.1,232.0,15,11,18,23,17,10,8,28.35,30.1,29.35,28.35,27.6,25.6,22.45,31.95,33.55,32.6,31.45,31.1,28.9,25.45,26.05,27.5,26.95,25.9,25.3,22.85,20.2,35.8,38.1,35.5,34.6,34.3,33.4,31.0,23.2,24.7,24.3,23.9,23.0,18.2,13.7,86.0,79.5,82.0,87.5,86.5,82.5,85.0,56,45,56,59,58.0,41,45,211.5,136.0,220.5,133.5,123.5,124.5,134.0
2006,Ha_Noi,91.225,104.575,84.95,59.25,92.9,84.975,87.625,175.575,180.75,247.275,438.525,114.975,42.875,71.3,45.1,67.1,123.0,187.8,76.0,63.0,86.0,20,17,18,21,8,12,6,26.575,29.475,29.35,27.575,27.4,26.625,23.75,31.625,34.15,33.6,31.375,32.125,31.175,28.775,23.5,26.55,26.675,25.425,24.625,24.1,20.95,35.0,38.5,37.8,36.0,36.0,33.4,32.3,18.5,22.9,24.0,23.6,20.2,20.5,15.1,83.0,79.5,83.5,87.25,78.5,82.0,80.75,33,42,50,52,34.0,49,31,159.6666667,173.0,152.0,97.0,170.0,120.3333333,150.3333333
2006,Hai_Duong,111.9,90.35,91.7,55.7,113.3,98.7,107.0,165.1,186.6,231.65,492.9,72.05,27.05,111.45,98.7,34.0,81.0,138.0,30.0,7.7,54.0,17,15,17,20,7,7,7,27.0,29.35,29.4,27.5,27.4,26.85,24.15,31.5,33.35,33.25,30.95,31.75,31.6,29.15,24.0,26.45,26.55,25.0,24.2,23.65,20.8,36.1,37.5,36.5,34.9,35.8,33.5,32.5,17.6,23.4,23.4,23.4,20.6,21.1,16.3,84.0,82.0,82.0,88.0,77.0,82.0,80.0,43,50,59,62,43.0,45,31,166.0,144.0,153.0,95.0,186.0,129.0,145.0
2006,Hung_Yen,102.1,110.2,106.8,73.0,110.9,88.2,87.7,114.7,210.7,218.4,291.6,66.3,18.3,66.1,31.0,78.0,40.0,63.0,37.0,8.0,37.0,13,11,15,19,7,10,8,27.1,29.5,29.3,27.5,27.3,26.6,24.1,31.4,33.5,33.0,30.8,31.4,30.7,28.6,24.3,26.9,26.9,25.5,24.7,24.1,21.2,34.6,37.2,36.6,34.3,34.5,32.5,31.7,19.1,23.5,24.5,24.0,21.3,22.4,17.4,80.0,79.0,73.0,83.0,76.0,83.0,82.0,37,49,45,54,41.0,50,28,180.0,171.0,144.0,94.0,162.0,129.0,135.0
2006,Nam_Dinh,100.7,107.3,108.6,67.8,111.7,88.2,86.3,220.2,124.2,171.0,437.8,155.7,39.9,26.2,65.0,43.0,42.0,75.0,57.0,21.0,12.0,14,14,14,21,8,11,6,27.4,29.8,29.8,27.7,27.7,26.8,24.6,31.6,34.0,33.6,31.4,31.7,31.0,29.0,23.9,27.2,27.5,25.8,24.8,25.0,21.6,34.5,37.5,37.5,35.0,35.6,32.4,33.2,20.2,24.0,24.5,23.8,21.2,21.7,18.5,82.0,81.0,80.0,87.0,78.0,83.0,81.0,38,49,53,59,41.0,52,33,185.0,188.0,161.0,117.0,175.0,143.0,148.0
2006,Ninh_Binh,101.2,117.8,108.25,66.45,116.25,83.35,98.6,320.8,170.7,378.1,382.95,241.7,70.95,28.0,110.0,56.0,115.0,76.0,85.0,29.0,29.0,18,13,14,21,9,10,6,27.15,29.5,29.4,27.6,27.3,26.2,24.45,31.65,34.0,33.2,31.1,31.5,30.35,28.9,24.15,26.5,26.75,25.4,24.45,23.65,21.45,35.5,37.8,37.3,34.7,35.6,32.2,34.4,19.5,23.8,24.2,23.9,21.0,21.3,15.5,81.0,80.5,82.0,88.0,79.0,85.0,81.0,30,48,53,56,39.0,57,34,183.0,187.5,144.0,96.5,170.5,122.5,157.5
2006,Thai_Binh,74.2,95.6,121.3,64.8,96.1,79.6,92.9,158.8,140.4,266.3,473.8,123.8,75.3,99.9,46.0,26.0,108.0,126.0,44.0,45.0,60.0,13,13,14,21,12,9,7,26.2,29.1,29.4,27.4,26.6,26.0,24.0,30.0,32.8,32.7,30.6,30.6,30.3,28.4,24.0,26.2,26.9,25.1,23.8,23.2,20.8,32.8,36.3,36.7,34.0,34.5,32.0,31.7,18.4,23.0,23.7,23.6,19.2,21.3,17.0,84.0,84.0,81.0,89.0,84.0,85.0,83.0,46,52,54,64,48.0,50,34,190.0,178.0,172.0,116.0,185.0,138.0,159.0
2006,Ha_Nam,89.35,109.9,109.95,70.6,116.15,93.75,94.15,230.85,179.6,317.5,403.5,202.65,49.9,48.7,145.0,97.5,127.0,140.0,77.0,29.2,42.0,15,14,15,20,11,10,9,27.0,29.55,29.55,27.8,27.45,26.65,24.6,30.6,33.05,32.75,31.0,31.1,30.25,28.45,24.65,27.05,27.15,25.6,24.75,23.85,21.9,34.5,38.0,36.9,34.7,35.2,32.5,31.5,20.0,23.7,23.6,23.3,19.9,22.0,18.4,85.5,82.5,82.0,87.5,79.5,84.0,82.0,38,47,51,59,38.0,55,35,179.5,191.0,145.5,115.0,177.5,146.0,158.0
2007,Ha_Noi,94.375,98.8,94.4,76.975,72.75,77.375,96.35,113.4,207.9,173.0,234.75,264.725,167.025,11.125,45.2,62.0,81.0,95.0,116.0,98.0,7.0,14,16,14,18,16,11,3,26.65,29.55,29.75,28.75,26.775,25.1,20.525,31.3,34.475,34.275,33.3,31.1,29.3,25.975,23.7,26.35,26.975,25.9,24.2,22.675,17.1,38.9,39.3,37.4,37.8,34.8,33.7,29.3,17.3,23.0,23.5,22.4,20.2,17.2,6.7,84.33333333,90.0,82.0,79.33333333,80.33333333,81.33333333,84.0,39,44,52,54,33.0,33,27,144.0,216.3333333,207.3333333,161.6666667,131.6666667,104.3333333,182.3333333
2007,Hai_Duong,85.65,109.25,112.15,73.0,83.35,101.85,130.5,194.95,229.5,194.05,140.7,288.25,125.4,11.7,79.4,44.0,47.3,46.0,118.5,36.0,12.5,16,14,14,20,14,11,2,26.6,29.7,29.65,28.4,26.65,25.25,20.65,31.05,33.7,33.4,32.3,30.3,29.3,25.75,23.2,26.45,26.45,25.7,24.2,21.9,16.55,37.0,38.0,35.9,35.4,34.5,32.8,29.7,19.5,23.0,23.0,24.0,20.7,18.7,9.3,83.5,86.5,84.0,84.5,81.5,79.5,75.0,30,47,56,58,31.0,40,24,149.65,201.45,230.1,150.05,134.6,119.25,188.25
2007,Hung_Yen,102.8,123.3,122.9,75.8,78.7,78.5,95.0,145.0,107.5,166.1,183.2,251.0,173.4,12.6,51.0,43.0,42.0,72.0,122.0,46.0,12.0,17,13,12,15,16,10,2,26.5,29.8,30.0,28.5,26.6,25.1,20.4,30.8,34.1,34.0,32.1,30.4,29.1,25.5,23.6,27.0,27.2,26.0,24.3,22.6,16.7,37.5,38.5,37.5,35.5,34.2,32.6,28.8,19.6,24.0,25.3,23.8,21.4,18.6,11.0,83.0,86.0,83.0,84.0,79.0,81.0,87.0,48,47,57,62,43.0,45,33,155.0,222.0,237.0,126.0,122.0,98.0,169.0
2007,Nam_Dinh,93.7,118.5,123.0,76.3,69.0,69.9,105.1,174.6,56.1,216.6,164.2,178.9,124.8,10.1,73.0,16.0,72.0,30.0,54.0,34.0,10.0,17,12,13,17,15,9,2,26.6,30.2,30.3,28.5,26.9,25.3,20.7,31.1,34.3,34.5,32.4,30.6,29.5,25.6,23.6,27.8,27.3,25.9,24.3,22.6,16.9,38.0,38.9,37.2,35.5,33.7,32.6,29.2,19.5,24.0,25.2,23.8,21.5,19.4,10.2,87.0,92.0,84.0,83.0,78.0,78.0,85.0,49,46,50,62,39.0,44,27,149.0,223.0,257.0,116.0,126.0,97.0,162.0
2007,Ninh_Binh,107.95,121.85,109.7,72.5,82.2,85.95,130.85,198.25,165.3,287.55,262.05,290.7,354.0,10.0,153.0,60.0,122.0,74.0,57.0,264.0,11.0,13,16,17,19,14,12,2,26.5,29.75,29.6,28.3,26.45,24.9,20.5,30.95,34.1,33.9,32.05,30.4,28.85,25.5,23.4,26.5,26.6,25.55,23.95,22.35,17.05,38.6,39.1,37.8,36.3,34.2,32.9,28.7,17.8,23.9,23.0,23.2,19.7,18.0,8.5,87.0,92.0,84.5,82.0,80.0,82.0,87.0,43,43,53,61,36.0,45,33,144.5,224.5,225.5,112.5,120.5,86.0,152.5
2007,Thai_Binh,70.2,118.4,133.8,65.1,66.6,81.2,145.2,134.4,72.9,81.8,271.6,315.0,107.6,8.5,73.0,25.0,30.0,65.0,66.0,26.0,8.0,15,8,10,17,20,11,2,26.0,29.7,30.0,28.1,26.2,24.8,20.2,30.2,33.3,33.0,31.3,29.7,28.7,25.6,22.9,27.0,27.4,25.6,23.9,22.0,16.4,36.0,37.9,36.5,34.8,32.9,32.0,28.8,18.8,24.2,25.2,23.5,21.0,18.5,11.0,89.0,93.0,88.0,87.0,81.0,81.0,88.0,53,51,53,60,74.0,42,23,151.0,232.0,266.0,121.0,126.0,119.0,176.0
2007,Ha_Nam,88.35,112.2,110.9,73.15,109.0,89.3,116.5,209.3,62.15,236.55,325.6,209.0,214.9,8.0,94.6,26.0,166.0,86.0,57.0,128.2,10.6,16,15,12,18,15,13,4,26.35,29.7,30.05,28.55,26.85,25.25,20.75,29.95,33.2,33.2,31.85,30.25,28.7,25.15,23.3,27.35,27.6,26.1,24.5,22.8,17.5,37.8,39.2,36.4,35.7,33.6,32.4,28.7,19.0,23.9,24.0,23.2,21.4,19.0,11.8,89.5,93.5,87.0,85.5,83.0,81.5,86.0,46,39,54,50,33.0,39,29,154.0,224.5,244.0,123.5,130.5,110.0,165.5
2008,Ha_Noi,82.5,68.875,76.7,66.1,64.7,65.825,62.875,224.525,281.575,363.2,283.7,228.9,498.3,250.025,103.0,137.0,140.0,92.2,61.0,514.0,186.0,17,22,22,16,18,17,9,27.0,28.175,28.8,28.6,27.675,25.925,20.85,31.675,32.7,33.25,32.575,31.95,29.9,25.15,24.225,25.525,26.025,26.075,25.175,23.625,18.2,38.7,37.5,37.4,37.1,36.5,33.7,29.7,20.0,22.9,23.2,23.6,22.6,21.1,9.9,82.5,84.75,83.0,85.5,85.0,84.25,80.75,44,51,48,53,51.0,41,28,146.475,118.875,147.15,139.625,129.1,95.375,150.0
2008,Hai_Duong,89.75,68.0,97.2,69.3,64.0,88.75,96.25,156.8,419.8,152.75,248.05,353.95,24.05,317.55,56.0,99.9,52.0,61.0,104.0,14.6,175.0,12,21,16,18,19,10,8,26.55,27.85,29.0,28.25,27.55,26.3,20.95,30.75,32.0,32.9,31.8,31.6,30.7,25.15,23.75,25.3,26.35,25.7,24.9,23.65,18.1,36.2,36.0,35.6,35.5,35.5,33.9,29.4,19.4,23.0,23.4,21.9,21.5,21.3,10.2,83.5,86.0,82.5,85.5,86.5,81.5,75.0,43,58,54,57,56.0,47,30,162.9,120.65,140.9,137.05,142.55,116.95,146.2
2008,Hung_Yen,94.5,75.9,105.9,94.1,88.4,96.3,103.4,99.9,304.1,218.3,221.1,313.1,237.7,190.4,22.0,57.0,58.0,56.0,72.0,127.0,77.0,10,18,14,15,16,13,8,26.8,28.0,29.0,28.5,27.5,26.0,20.9,30.9,32.3,33.1,32.2,31.3,29.8,24.7,24.2,25.5,26.5,26.3,25.2,23.7,18.3,36.2,37.0,36.2,35.7,34.7,32.7,29.2,20.0,22.9,23.2,24.0,22.7,21.4,11.3,83.0,86.0,82.0,87.0,87.0,84.0,80.0,51,60,53,59,56.0,51,36,156.0,105.0,148.0,134.0,122.0,83.0,138.0
2008,Nam_Dinh,88.5,69.4,97.5,67.1,61.4,72.4,89.3,164.7,220.4,214.1,337.9,245.0,240.9,204.3,43.0,43.0,45.0,85.0,90.0,133.0,79.0,11,18,11,17,13,11,8,27.1,28.4,29.4,28.8,27.5,26.0,21.3,31.2,32.4,33.0,32.3,31.2,29.9,25.0,24.3,25.8,26.8,25.3,25.1,23.7,18.9,36.5,36.9,35.5,35.9,34.5,32.8,30.5,19.6,23.7,23.5,23.5,22.2,21.0,12.9,82.0,60.0,81.0,85.0,88.0,86.0,79.0,49,57,56,53,59.0,54,32,164.0,105.0,146.0,134.0,118.0,90.0,122.0
2008,Ninh_Binh,89.85,69.9,93.05,68.35,60.25,68.3,89.45,336.1,210.0,196.05,238.85,373.7,314.35,167.3,181.0,51.0,58.0,90.0,118.0,181.0,75.0,11,24,17,19,19,17,8,26.75,28.0,28.85,28.4,27.25,25.75,21.3,30.95,32.15,32.65,32.1,31.05,29.25,24.75,24.15,25.6,26.35,26.0,24.6,23.6,18.85,36.7,37.2,35.2,35.2,35.2,32.0,29.4,20.8,23.9,23.6,22.7,21.7,21.1,10.9,83.5,86.0,82.5,87.0,88.0,86.0,78.5,51,54,54,57,59.0,54,33,154.5,97.5,147.5,135.5,114.0,81.0,133.0
2008,Thai_Binh,67.5,61.1,108.1,74.7,56.6,82.8,95.6,90.0,241.4,128.5,170.1,436.3,74.6,193.0,29.0,46.0,44.0,37.0,93.0,25.0,98.0,8,19,12,16,19,11,7,26.4,28.0,29.0,28.3,27.1,25.9,21.2,30.1,31.8,32.5,31.4,30.7,29.6,24.9,24.1,25.6,27.1,25.9,24.7,23.6,18.5,35.4,35.7,35.3,34.8,33.7,32.0,29.5,19.3,23.5,23.5,23.1,22.5,21.0,11.8,88.0,88.0,82.0,89.0,90.0,87.0,80.0,59,57,58,62,60.0,53,35,183.0,107.0,165.0,151.0,126.0,118.0,169.0
2008,Ha_Nam,74.3,62.6,93.1,84.0,65.75,74.65,90.05,226.45,245.4,168.5,289.8,304.55,223.7,179.55,101.0,76.3,53.2,91.0,102.3,181.8,128.3,12,22,19,14,21,14,8,26.75,28.15,29.05,28.75,27.55,26.0,21.45,30.2,31.5,32.25,31.8,30.95,29.1,24.5,24.55,25.95,26.8,26.45,25.1,23.9,19.2,36.5,36.1,37.0,37.2,35.4,32.6,29.5,20.0,22.1,22.3,22.6,22.0,20.7,12.2,85.5,87.0,83.0,84.0,84.5,84.0,79.0,44,54,50,50,54.0,52,32,166.5,106.0,146.0,145.0,112.5,96.5,124.5
2009,Ha_Noi,68.225,94.6,66.725,77.925,76.35,73.4,94.7,216.45,193.55,434.475,244.625,183.35,72.7,3.625,81.0,54.0,119.7,100.0,70.0,41.0,3.0,19,16,20,14,18,10,2,26.65,29.475,29.075,29.25,28.275,25.975,21.125,30.7,34.3,33.15,33.875,32.75,30.2,25.775,24.25,26.425,26.275,26.425,25.575,23.475,18.3,34.7,39.0,37.6,37.7,37.1,34.9,34.6,21.0,21.3,23.5,22.8,22.5,19.5,9.6,84.5,79.5,83.75,83.0,82.0,82.0,72.75,46,39,49,50,46.0,35,34,137.225,163.85,148.875,193.15,141.3,130.425,132.325
2009,Hai_Duong,83.95,96.35,82.9,86.6,80.1,104.25,131.8,220.4,178.45,285.75,127.7,165.65,78.5,1.2,73.1,98.8,87.1,55.0,60.0,63.3,2.0,14,13,19,14,15,8,2,26.5,29.5,29.2,29.2,28.15,26.2,21.1,30.1,33.65,32.8,33.2,32.15,30.55,25.85,24.1,26.5,26.5,26.45,25.55,23.4,18.1,33.2,37.5,35.5,36.5,35.5,34.2,34.0,20.6,21.7,23.4,22.7,23.3,19.5,11.2,83.5,79.0,83.0,83.5,83.5,79.0,69.0,45,44,48,52,51.0,33,30,153.55,174.2,172.7,197.7,159.75,134.85,147.6
2009,Hung_Yen,96.8,133.4,100.2,107.0,97.3,97.8,139.1,165.7,93.6,451.7,205.0,248.5,105.8,3.8,40.0,42.0,110.0,63.0,61.0,33.0,3.0,17,12,14,11,13,9,3,25.6,29.9,29.3,29.2,28.2,26.0,21.1,30.0,34.0,33.1,33.2,32.0,30.1,25.5,24.3,26.9,26.7,26.6,25.7,23.4,18.4,32.7,37.5,36.7,35.8,36.2,33.4,33.5,21.9,22.5,23.8,23.5,22.8,20.1,12.5,87.0,80.0,85.0,85.0,86.0,82.0,72.0,55,48,53,51,55.0,44,36,148.0,184.0,166.0,191.0,136.0,132.0,142.0
2009,Nam_Dinh,69.6,112.1,87.2,88.6,77.7,88.9,110.5,249.2,180.6,325.6,146.7,316.9,65.9,5.5,66.0,98.0,122.0,50.0,128.0,26.0,3.0,14,11,16,13,15,10,4,26.8,29.9,29.5,29.4,28.2,26.3,21.4,30.5,32.8,33.4,33.5,32.0,30.4,25.8,24.3,26.1,26.8,26.6,25.5,23.4,18.6,31.3,37.7,37.5,36.0,36.0,33.4,34.0,21.8,23.0,24.2,23.9,22.3,20.0,13.3,86.0,79.0,83.0,83.0,85.0,82.0,73.0,58,46,50,53,55.0,38,32,154.0,188.0,172.0,183.0,136.0,124.0,136.0
2009,Ninh_Binh,74.25,119.2,86.4,79.1,86.85,83.2,100.45,460.5,94.75,343.95,236.65,287.0,112.3,14.65,115.0,52.0,115.0,61.0,123.0,35.0,19.0,19,12,18,17,13,10,4,26.6,29.7,29.05,28.8,28.2,25.7,21.2,30.05,33.85,32.9,33.0,32.05,29.8,25.35,24.2,26.6,26.5,25.95,25.4,23.05,18.55,33.5,37.6,37.2,35.7,36.3,33.0,34.5,21.5,23.3,24.5,22.9,21.8,20.4,10.8,87.0,78.5,84.5,86.5,84.0,84.5,75.0,56,48,51,54,51.0,38,35,146.5,178.0,172.5,196.0,145.0,131.5,136.0
2009,Thai_Binh,61.4,127.6,99.5,79.1,67.6,93.8,136.8,120.3,73.1,294.6,147.8,376.7,59.2,0.9,62.0,45.0,110.0,34.0,115.0,18.0,1.0,13,6,13,11,13,11,2,26.1,29.6,29.4,28.9,27.6,25.4,20.8,29.2,33.6,32.4,32.4,31.3,28.7,25.3,24.0,26.5,26.8,26.2,24.9,22.7,17.9,32.6,37.5,36.6,35.0,35.8,32.7,31.0,21.7,23.0,24.0,23.5,22.8,20.0,11.9,89.0,81.0,84.0,87.0,88.0,86.0,77.0,58,47,58,56,52.0,41,39,163.0,197.0,203.0,183.0,143.0,144.0,138.0
2009,Ha_Nam,72.35,115.3,95.55,93.8,92.55,96.7,113.05,334.9,64.9,322.35,185.15,385.1,80.2,2.85,127.0,43.5,105.0,78.0,115.0,32.9,4.6,19,11,17,11,16,10,3,26.5,29.8,29.35,29.25,28.1,26.0,21.3,29.45,33.1,32.45,32.75,31.55,29.7,25.2,24.5,27.15,26.9,26.75,25.5,23.5,18.8,33.9,38.2,37.8,36.2,36.4,33.5,35.2,21.6,23.5,24.2,23.8,22.3,20.4,13.0,87.0,80.0,85.0,84.0,85.5,81.0,74.0,54,44,46,45,30.0,36,36,157.0,187.5,170.0,193.0,141.0,130.5,134.5
2010,Ha_Noi,77.125,108.475,104.425,62.825,71.825,90.95,76.125,113.175,181.9,265.075,376.75,208.45,66.95,1.475,42.0,57.0,122.0,87.3,68.0,51.0,2.0,12,13,21,22,14,12,5,28.275,30.325,30.075,27.975,28.075,24.95,21.2,32.675,35.125,34.65,32.05,32.825,29.0,25.725,25.525,27.025,26.925,25.55,25.3,22.35,18.25,39.4,40.8,40.1,35.3,36.7,33.6,29.9,22.0,23.0,23.7,23.0,21.4,12.8,12.6,83.75,78.5,80.0,86.75,84.25,77.5,77.75,45,40,36,57,46.0,31,36,119.975,150.85,190.9,124.1,152.6,119.25,102.825
2010,Hai_Duong,77.75,107.6,117.0,60.5,67.5,129.25,109.65,158.0,283.3,218.65,336.6,182.65,26.55,4.65,65.0,74.4,39.3,63.6,60.0,10.0,3.0,12,13,19,28,12,11,3,27.7,29.75,29.9,27.6,27.85,24.8,21.65,31.3,34.15,34.2,31.35,32.0,28.95,26.4,25.6,26.95,26.9,25.35,25.3,22.1,18.3,36.9,38.4,38.6,34.5,35.4,33.6,30.2,21.5,22.7,23.5,22.9,21.6,14.0,13.5,86.0,80.0,81.5,89.0,85.5,73.5,71.5,54,48,44,61,52.0,32,30,122.45,157.5,217.5,122.8,166.95,141.1,111.45
2010,Hung_Yen,101.6,137.4,130.5,80.5,92.5,139.1,112.8,80.2,87.2,94.7,178.4,67.4,36.4,2.7,41.0,42.0,39.0,42.0,25.0,23.0,2.0,12,9,14,20,8,9,2,28.2,30.4,30.5,28.2,28.2,24.8,21.6,32.2,34.9,34.7,31.6,32.0,28.7,25.8,25.6,27.4,27.6,25.9,25.7,22.1,18.4,37.6,38.9,39.6,34.3,35.5,33.1,28.9,21.7,23.6,23.5,23.5,22.4,13.6,14.4,86.0,79.0,83.0,88.0,86.0,76.0,76.0,52,48,41,65,54.0,30,34,137.0,159.0,215.0,129.0,140.0,121.0,90.0
2010,Nam_Dinh,68.9,119.7,118.5,60.7,67.6,114.5,97.7,189.9,122.5,311.5,428.2,174.1,56.2,0.0,121.0,57.0,143.0,85.0,60.0,18.0,0.0,17,10,13,24,10,10,0,28.3,30.5,30.4,28.1,28.2,24.9,22.0,32.2,35.1,34.6,31.6,31.8,28.7,26.1,25.7,27.7,27.5,25.9,25.7,22.3,19.1,37.0,38.8,39.0,34.0,35.5,33.2,29.5,22.5,24.4,24.1,23.5,22.6,14.2,15.3,85.0,78.0,80.0,87.0,85.0,77.0,76.0,54,46,39,66,55.0,32,33,155.0,164.0,221.0,125.0,141.0,118.0,78.0
2010,Ninh_Binh,85.6,146.25,130.55,61.85,64.75,111.55,98.35,105.3,108.3,281.55,571.3,319.9,175.9,1.95,39.0,80.0,101.0,167.0,149.0,64.0,4.0,15,11,16,23,13,13,2,28.25,30.45,30.1,27.75,27.65,24.55,21.65,32.4,35.4,34.75,31.3,31.65,28.25,25.8,25.7,27.25,27.1,25.35,25.0,22.05,18.7,39.1,40.0,40.3,34.2,35.7,32.8,28.9,22.4,24.0,24.4,23.0,22.8,13.3,13.2,85.0,76.0,79.0,88.5,86.5,77.5,76.0,46,40,37,65,54.0,33,36,148.5,171.5,207.5,133.5,139.0,113.0,92.0
2010,Thai_Binh,69.4,139.6,144.6,61.4,61.6,134.0,111.7,74.9,123.1,222.1,381.2,160.9,79.8,7.1,59.0,39.0,100.0,76.0,57.0,19.0,7.0,6,11,15,26,9,13,3,27.4,30.0,30.1,27.7,27.5,24.4,21.5,30.6,34.1,33.4,30.9,31.3,28.6,25.9,25.3,27.1,27.3,25.6,24.7,21.6,18.5,35.0,38.3,37.4,33.6,35.5,32.4,29.2,21.9,23.0,23.5,23.3,22.0,13.7,14.1,91.0,81.0,81.0,90.0,89.0,80.0,77.0,62,46,45,66,56.0,35,30,159.0,161.0,244.0,131.0,145.0,130.0,85.0
2010,Ha_Nam,67.55,111.4,108.75,65.05,68.9,109.5,101.35,140.85,148.75,269.0,490.35,202.05,203.9,14.8,76.0,108.5,114.0,182.0,81.0,172.0,14.0,18,10,16,24,17,14,6,27.85,30.3,30.1,27.9,27.95,24.7,21.8,31.2,34.0,33.4,31.1,31.5,27.95,25.3,25.6,27.7,27.65,25.8,25.45,22.25,19.15,38.6,40.2,40.4,34.2,35.4,33.2,29.0,22.0,23.5,24.2,23.2,22.3,14.5,15.0,87.5,80.5,79.0,85.0,86.0,79.0,76.5,44,43,37,64,52.0,31,38,178.0,199.0,178.0,144.0,133.5,108.0,92.0
2011,Ha_Noi,80.66666667,70.0,89.33333333,71.0,66.33333333,68.66666667,67.33333333,199.925,392.75,216.3,325.125,257.875,170.3,25.575,109.3,90.4,101.0,91.0,65.0,43.3,21.0,16,22,16,17,17,15,7,26.525,28.9,29.475,28.425,27.2,24.175,23.15,31.15,33.425,33.75,32.525,30.975,27.6,27.575,23.575,26.0,26.475,25.6,24.8,21.975,20.4,37.0,36.6,39.0,37.5,36.6,33.4,31.0,19.3,23.7,24.0,22.6,20.8,19.0,14.8,80.0,83.33333333,80.0,83.33333333,83.0,81.66666667,80.66666667,44,50,50,50,40.0,40,46,141.6666667,130.0,161.6666667,162.3333333,106.0,79.0,107.6666667
2011,Hai_Duong,79.0,68.0,100.0,83.0,65.0,66.0,82.0,151.1,442.2,245.95,169.7,226.2,79.15,44.5,84.7,127.4,72.0,45.0,52.0,21.9,40.0,14,20,18,16,18,12,5,26.3,28.9,29.75,28.45,27.0,23.95,23.3,30.8,32.8,33.1,32.3,30.95,27.55,27.95,23.45,25.95,26.35,25.7,24.45,21.4,20.1,35.5,36.3,37.5,37.0,36.5,32.5,32.0,20.2,23.3,23.9,22.3,20.7,17.9,16.3,82.0,84.0,83.0,83.0,84.0,83.0,81.0,46,52,50,49,48.0,44,45,165.0,148.0,188.0,197.0,132.0,97.0,134.0
2011,Hung_Yen,102.0,99.0,105.0,93.0,84.0,88.0,81.0,130.0,149.0,141.0,101.0,279.0,50.0,40.0,49.0,31.0,39.0,41.0,94.0,11.0,31.0,13,16,11,15,20,12,5,26.5,29.1,29.5,28.7,27.0,24.0,23.3,30.7,33.2,33.3,32.1,30.5,27.0,27.2,23.7,26.5,26.9,25.3,24.8,21.9,20.5,35.2,36.5,38.2,36.4,36.4,32.5,30.9,19.8,24.3,24.5,23.7,21.0,18.0,17.5,84.0,85.0,83.0,84.0,87.0,86.0,83.0,49,55,49,52,48.0,46,46,163.0,147.0,188.0,181.0,121.0,73.0,97.0
2011,Nam_Dinh,78.0,84.0,89.0,71.0,60.0,58.0,71.0,180.0,213.0,288.0,285.0,478.0,147.0,22.0,101.0,76.0,107.0,63.0,127.0,42.0,6.0,12,11,15,19,21,16,8,26.7,29.6,29.6,28.9,27.1,24.0,23.3,30.8,33.5,33.4,32.3,30.6,27.2,27.4,24.0,26.8,26.9,26.3,24.7,21.9,20.8,35.5,35.7,38.2,36.6,36.1,32.6,31.2,20.3,25.0,24.0,24.1,21.1,18.5,18.1,82.0,81.0,79.0,83.0,85.0,85.0,81.0,51,58,47,51,50.0,53,44,160.0,159.0,191.0,180.0,94.0,66.0,91.0
2011,Ninh_Binh,86.5,80.5,90.0,70.5,65.5,62.0,66.0,159.0,259.5,256.5,258.5,356.5,141.0,35.0,76.0,117.0,77.0,60.0,86.0,40.0,28.0,12,14,12,18,19,19,9,26.5,29.1,29.15,28.35,27.0,23.9,23.25,31.2,33.65,33.25,32.2,30.7,27.1,27.3,23.55,26.3,26.45,25.55,24.45,21.9,20.6,37.1,37.3,38.6,37.5,36.6,32.9,31.4,20.3,24.6,24.0,23.4,21.4,18.6,16.3,83.0,83.0,82.0,85.5,86.0,85.0,82.5,48,48,45,51,49.0,52,43,157.0,156.5,182.5,180.5,114.0,64.0,80.0
2011,Thai_Binh,71.0,65.0,103.0,77.0,56.0,67.0,81.0,140.0,261.0,229.0,175.0,718.0,62.0,32.0,70.0,81.0,60.0,46.0,195.0,12.0,11.0,10,11,14,17,19,14,4,26.0,28.8,29.3,28.4,26.7,23.6,22.9,29.7,32.4,32.6,31.7,30.0,27.1,27.3,23.5,26.1,26.6,25.8,24.0,21.2,20.1,34.4,35.8,37.3,35.7,35.5,32.0,30.7,20.5,23.7,24.2,23.7,20.9,18.0,17.3,87.0,87.0,87.0,88.0,89.0,88.0,84.0,55,61,49,52,52.0,47,45,168.0,187.0,208.0,190.0,133.0,90.0,122.0
2011,Ha_Nam,72.0,70.0,86.0,74.5,68.0,69.5,77.0,137.35,293.45,196.25,327.35,462.25,119.15,99.85,102.2,147.0,78.0,125.3,134.0,39.5,38.3,15,15,14,17,21,17,9,26.3,29.25,29.45,28.8,27.1,24.0,23.4,30.0,32.7,32.8,32.05,30.5,26.9,26.95,23.85,26.3,27.1,26.2,24.75,22.0,20.8,36.0,36.6,38.0,36.4,36.0,33.1,30.7,20.1,24.3,23.5,23.5,21.5,18.0,17.4,84.0,84.5,82.0,83.0,85.0,84.0,81.5,49,49,45,49,42.0,41,43,172.5,181.0,198.5,182.5,115.5,74.0,108.0
2012,Ha_Noi,81.0,92.66666667,83.0,79.33333333,80.66666667,87.0,67.66666667,405.975,198.75,346.675,402.725,147.4,115.125,53.525,125.4,73.0,87.0,127.0,45.1,52.0,37.2,17,17,20,17,18,9,11,28.4,29.7,29.05,28.8,27.225,26.15,22.925,32.825,34.225,33.3,33.5,31.325,30.4,26.625,25.5,26.65,26.3,25.825,24.725,23.55,20.6,39.6,39.0,37.7,38.0,34.5,33.5,33.5,22.5,23.6,23.8,23.5,18.6,20.0,15.0,83.33333333,78.33333333,82.0,82.0,80.66666667,79.0,81.66666667,33,42,43,51,37.0,35,36,161.6666667,112.3333333,152.3333333,175.6666667,117.0,113.3333333,98.66666667
2012,Hai_Duong,72.0,87.0,98.0,71.0,77.0,96.0,70.0,255.45,194.8,295.95,428.05,88.0,156.8,67.9,64.0,101.7,102.0,123.0,28.0,109.0,36.0,17,19,17,14,12,11,10,28.25,29.45,28.95,28.5,27.1,25.9,22.85,32.3,33.5,32.75,33.05,30.9,30.2,26.55,25.55,26.45,26.25,25.75,24.65,23.15,20.35,37.7,37.0,37.0,36.5,33.5,32.9,33.0,22.4,23.3,23.3,23.0,20.6,20.9,13.8,85.0,80.0,82.0,84.0,82.0,81.0,83.0,57,53,55,56,41.0,45,39,179.0,111.0,173.0,182.0,140.0,128.0,101.0
2012,Hung_Yen,86.0,113.0,104.0,98.0,91.0,99.0,88.0,330.0,124.0,189.0,388.0,189.0,111.0,139.0,148.0,35.0,36.0,80.0,47.0,47.0,71.0,16,15,18,17,11,9,8,28.4,29.9,29.6,28.9,27.3,26.1,23.1,32.3,33.7,33.1,32.8,30.5,29.8,26.6,25.8,27.2,27.0,26.3,25.0,23.9,20.7,37.5,38.2,37.0,36.5,33.0,32.0,33.7,22.8,24.6,24.9,23.6,22.0,21.5,14.0,86.0,80.0,83.0,84.0,83.0,82.0,85.0,48,51,50,53,44.0,41,37,146.0,93.0,143.0,146.0,108.0,100.0,103.0
2012,Nam_Dinh,77.0,101.0,94.0,69.0,72.0,80.0,56.0,167.0,209.0,264.0,328.0,320.0,174.0,78.0,33.0,76.0,76.0,102.0,107.0,67.0,24.0,20,13,15,19,14,9,14,28.6,30.0,29.7,28.7,27.2,26.1,23.1,32.6,34.2,33.6,32.7,30.8,30.0,26.9,25.9,27.2,27.1,26.3,24.8,23.7,20.7,38.0,38.5,37.5,36.3,33.5,32.2,33.4,22.9,23.7,24.6,24.0,21.7,20.3,14.1,84.0,79.0,81.0,85.0,84.0,82.0,87.0,40,45,51,60,42.0,44,43,173.0,119.0,176.0,158.0,131.0,108.0,110.0
2012,Ninh_Binh,84.5,113.0,89.5,70.0,69.5,78.5,56.5,369.5,97.5,239.0,350.5,398.5,196.5,151.0,145.0,52.0,120.0,91.0,193.0,109.0,77.0,15,10,19,17,12,10,16,28.3,29.75,29.3,28.4,26.8,25.8,23.15,32.75,34.0,33.4,32.7,30.4,29.75,27.0,25.4,26.85,26.5,25.8,24.1,23.35,20.75,41.1,38.9,39.2,36.8,33.5,32.0,33.5,23.0,24.4,24.1,23.6,19.4,20.8,14.4,84.0,78.0,82.5,86.0,86.0,83.0,86.0,32,41,44,50,41.0,44,35,182.5,122.5,170.5,171.5,131.0,125.5,118.5
2012,Thai_Binh,57.0,108.0,110.0,60.0,62.0,84.0,55.0,284.0,142.0,254.0,367.0,503.0,576.0,22.0,76.0,39.0,71.0,129.0,78.0,305.0,8.0,14,14,14,14,13,13,11,27.9,29.4,29.5,28.4,26.7,25.4,23.0,31.3,33.2,32.7,32.2,29.9,29.4,26.3,25.4,26.5,26.7,25.8,24.0,22.7,20.4,34.6,37.6,36.7,35.7,32.8,31.1,30.7,23.0,23.4,23.4,23.7,20.7,20.7,14.2,88.0,81.0,82.0,87.0,87.0,86.0,88.0,63,48,51,52,48.0,51,45,190.0,132.0,206.0,174.0,155.0,138.0,107.0
2012,Ha_Nam,69.0,103.0,91.5,73.0,77.5,86.0,64.5,241.25,89.15,197.85,336.05,412.95,333.85,148.9,120.0,31.3,88.3,105.0,167.0,168.0,81.6,15,14,22,13,15,13,11,28.4,29.9,29.75,28.9,27.25,25.85,23.25,31.8,33.3,33.05,32.6,30.35,29.2,26.5,26.05,27.45,27.3,26.5,24.95,23.5,21.0,38.0,39.5,37.9,36.5,33.3,32.5,34.1,22.9,24.7,24.3,23.9,21.6,21.0,14.4,86.5,80.5,80.5,84.5,84.5,82.5,85.5,49,43,47,54,45.0,47,45,192.5,133.5,196.5,175.0,143.0,145.0,114.5
2013,Ha_Noi,86.33333333,96.0,64.66666667,74.0,54.33333333,93.66666667,70.66666667,225.025,260.4,362.55,465.35,409.275,107.05,43.725,72.0,120.6,134.8,176.0,119.5,92.9,63.0,18,14,25,17,20,11,10,28.275,29.275,28.325,28.55,26.475,24.875,22.275,33.25,33.975,32.175,33.0,30.1,29.225,25.575,25.075,26.175,25.9,25.9,24.35,22.15,20.225,40.3,38.5,35.9,36.6,35.0,33.5,31.5,20.0,20.8,23.5,23.3,21.0,15.6,15.0,81.0,77.66666667,86.0,83.66666667,85.66666667,76.33333333,76.66666667,40,38,57,51,36.0,29,36,165.6666667,169.3333333,129.3333333,153.0,97.0,142.6666667,65.0
2013,Hai_Duong,77.0,91.0,77.0,68.0,73.0,114.0,94.0,339.5,164.95,377.75,349.55,258.1,27.7,50.5,117.0,80.6,112.0,103.5,72.5,17.4,40.9,18,11,27,16,20,6,8,27.95,29.0,28.1,28.55,26.4,25.0,22.2,32.65,33.25,31.65,33.0,30.15,29.6,26.0,24.85,26.15,25.6,25.85,24.15,22.0,19.85,39.0,37.6,34.5,36.3,34.3,34.0,32.0,21.2,21.5,23.3,22.9,20.0,17.0,14.2,83.0,79.0,86.0,84.0,86.0,76.0,77.0,48,41,63,58,47.0,34,37,166.0,187.0,135.0,156.0,109.0,149.0,77.0
2013,Hung_Yen,100.0,132.0,76.0,91.0,75.0,124.0,87.0,223.0,226.0,366.0,331.0,340.0,69.0,63.0,52.0,86.0,64.0,126.0,74.0,40.0,41.0,16,10,21,13,20,8,9,28.4,29.5,28.4,28.8,26.7,25.2,22.2,32.8,33.2,31.5,32.4,29.7,28.0,25.2,25.4,26.6,26.2,26.3,24.5,22.6,20.2,38.4,38.0,34.1,35.3,34.4,32.7,30.1,21.0,23.5,23.5,24.0,21.2,18.6,15.0,82.0,77.0,87.0,84.0,87.0,78.0,79.0,46,42,58,56,48.0,29,36,123.0,129.0,91.0,129.0,90.0,122.0,55.0
2013,Nam_Dinh,100.0,112.0,75.0,83.0,46.0,100.0,67.0,141.0,152.0,424.0,333.0,379.0,116.0,91.0,41.0,61.0,90.0,93.0,69.0,53.0,39.0,19,10,19,19,22,9,6,28.5,29.3,28.5,28.8,26.4,23.8,22.1,33.0,33.6,32.0,32.6,29.6,29.1,25.0,25.6,26.4,26.1,26.1,24.1,22.2,19.9,39.7,38.8,34.5,35.6,34.3,32.8,30.7,21.0,23.0,23.4,23.9,20.6,18.5,14.6,83.0,79.0,86.0,85.0,88.0,79.0,81.0,45,46,61,60,51.0,34,43,176.0,169.0,131.0,154.0,90.0,123.0,39.0
2013,Ninh_Binh,88.0,102.0,55.5,73.5,57.0,103.0,66.5,231.0,218.0,416.0,373.5,399.0,172.5,53.5,102.0,179.0,114.0,140.0,94.0,117.0,34.0,15,12,23,13,22,11,13,28.3,29.15,28.25,28.7,26.45,24.9,22.1,33.05,33.8,31.9,32.65,29.85,29.0,24.95,25.2,26.05,25.6,25.9,24.2,22.25,20.35,39.7,38.4,34.6,36.5,34.6,33.6,30.8,21.4,20.7,23.1,23.7,21.2,17.0,14.8,82.5,77.5,87.5,84.0,86.0,78.0,82.5,40,37,60,50,44.0,29,42,176.0,176.0,126.0,151.0,91.5,135.0,49.5
2013,Thai_Binh,78.0,112.0,76.0,70.0,57.0,111.0,64.0,217.0,74.0,288.0,372.0,394.0,94.0,74.0,73.0,20.0,74.0,104.0,75.0,67.0,40.0,16,11,25,14,15,7,10,28.0,28.9,28.5,28.5,26.3,24.7,21.9,31.6,32.6,31.4,32.0,29.5,29.1,25.1,25.2,26.2,26.1,25.7,23.9,21.8,19.7,38.2,37.4,33.5,35.2,33.8,33.4,31.2,21.1,21.9,23.0,23.4,20.0,17.2,14.5,87.0,81.0,87.0,88.0,89.0,80.0,83.0,51,66,60,60,54.0,34,38,180.0,167.0,143.0,158.0,103.0,134.0,53.0
2013,Ha_Nam,86.5,111.5,78.0,77.0,67.0,117.5,79.0,217.2,177.25,360.9,363.6,543.2,182.65,63.35,66.0,95.0,136.0,105.9,135.0,124.0,39.2,15,9,24,15,21,10,11,28.4,29.25,28.75,28.85,26.45,25.05,22.2,32.0,32.75,31.45,32.1,29.55,28.65,24.85,25.8,26.7,26.45,26.3,24.2,22.55,20.3,39.5,39.2,34.5,36.0,34.3,33.2,30.6,21.2,22.8,24.0,24.2,20.9,18.4,14.5,84.0,79.5,86.5,85.0,87.5,79.0,81.0,40,42,60,58,49.0,33,41,182.0,185.0,152.0,159.0,95.0,133.0,56.0
2014,Ha_Noi,94.66666667,83.0,74.0,67.66666667,74.33333333,88.33333333,61.33333333,98.7,182.475,263.8,378.475,242.8,144.425,43.525,58.0,57.0,81.0,180.0,122.0,90.0,34.0,14,18,23,18,15,7,9,28.675,29.625,29.1,28.5,28.525,26.2,22.5,33.825,34.1,33.4,32.6,32.775,30.55,26.05,25.45,26.725,26.35,25.925,25.825,23.275,20.25,40.3,38.4,37.7,38.0,35.9,35.2,32.8,18.7,23.6,23.6,23.5,22.5,18.8,13.9,80.33333333,81.0,83.0,83.66666667,80.66666667,77.33333333,81.66666667,37,45,54,50,41.0,41,49,191.6666667,131.6666667,151.6666667,119.0,152.0,143.3333333,88.0
2014,Hai_Duong,100.0,90.0,88.0,77.0,89.0,102.0,70.0,40.8,143.15,176.9,258.45,186.6,162.45,26.1,14.0,43.0,60.0,135.9,97.9,113.0,12.8,12,15,20,16,11,9,6,28.55,29.65,29.35,28.45,28.6,26.35,22.35,33.05,34.15,33.25,32.45,32.7,31.0,26.35,25.7,26.8,26.65,26.15,26.0,23.25,19.9,38.0,37.6,36.7,37.0,35.4,35.5,32.4,18.2,23.7,24.7,23.9,22.4,19.6,15.5,83.0,83.0,84.0,86.0,83.0,79.0,83.0,50,51,52,56,47.0,39,48,199.0,134.0,142.0,115.0,182.0,153.0,98.0
2014,Hung_Yen,98.0,98.0,76.0,66.0,79.0,95.0,58.0,256.0,86.0,215.0,243.0,257.0,167.0,69.0,87.0,11.0,49.0,65.0,76.0,88.0,27.0,13,16,20,18,10,9,8,28.7,30.0,29.6,28.6,28.9,26.5,22.7,33.3,34.2,33.3,32.3,32.8,30.8,26.0,25.8,27.4,27.1,26.5,26.5,23.8,20.4,37.7,38.0,36.6,36.8,34.8,35.3,31.6,19.4,24.5,24.8,24.0,23.6,21.3,16.6,81.0,82.0,84.0,86.0,82.0,79.0,84.0,47,50,54,53,45.0,39,52,188.0,143.0,143.0,114.0,173.0,150.0,89.0
2014,Nam_Dinh,105.0,100.0,80.0,72.0,80.0,93.0,61.0,169.0,219.0,274.0,246.0,288.0,184.0,67.0,69.0,69.0,45.0,55.0,130.0,98.0,20.0,12,16,17,23,12,12,8,28.6,29.9,29.5,28.6,28.8,26.3,22.7,33.1,34.1,33.1,32.0,32.4,30.4,26.2,25.5,27.1,26.8,26.2,26.2,23.5,20.5,36.7,37.9,36.6,36.7,34.2,34.7,31.0,19.0,24.2,24.1,24.1,23.9,21.0,16.8,81.0,82.0,83.0,85.0,83.0,79.0,86.0,48,51,54,53,51.0,42,56,191.0,151.0,136.0,117.0,187.0,137.0,89.0
2014,Ninh_Binh,95.5,82.0,66.5,66.0,63.5,88.5,54.5,220.5,193.5,238.5,260.5,175.0,151.5,81.5,74.0,69.0,75.0,85.0,61.0,105.0,50.0,14,17,24,19,12,10,10,28.45,29.5,28.8,28.15,28.3,26.0,22.7,33.15,33.7,32.85,31.9,32.2,30.2,26.1,25.4,26.7,26.15,25.85,25.65,23.2,20.25,39.6,38.0,36.1,36.6,35.0,34.6,31.5,19.1,23.9,23.0,23.0,22.8,19.2,15.0,82.0,83.5,85.5,87.5,86.5,81.0,86.0,38,50,52,56,51.0,43,52,196.5,140.5,125.5,114.0,175.0,147.5,95.0
2014,Thai_Binh,76.9,84.0,87.0,60.0,64.0,82.0,50.0,115.0,185.0,175.0,352.0,191.0,245.0,69.0,34.0,51.0,54.0,72.0,137.0,82.0,40.0,12,13,16,19,13,12,11,27.8,29.4,29.4,28.2,28.1,25.7,22.5,31.3,33.3,32.6,31.4,31.9,30.1,26.0,25.1,26.7,26.9,25.7,25.5,22.8,20.1,35.2,36.7,35.5,35.2,33.5,33.7,30.2,19.6,25.0,24.4,23.4,22.8,20.0,16.5,87.0,84.0,84.0,88.0,87.0,83.0,88.0,55,50,56,60,50.0,40,57,205.0,164.0,159.0,123.0,202.0,140.0,88.0
2014,Ha_Nam,82.15,81.0,77.5,68.5,80.0,93.0,55.0,124.85,281.45,297.55,332.2,185.75,237.7,94.5,69.0,73.0,81.8,123.5,80.5,95.0,82.0,14,19,21,22,15,11,10,28.4,29.8,29.45,28.5,28.65,26.35,22.85,31.95,33.05,32.4,31.55,31.85,29.9,25.85,25.75,27.3,26.65,26.15,26.3,23.65,20.6,38.2,37.5,36.0,37.8,34.5,34.6,31.8,19.8,24.1,21.0,23.4,23.4,20.4,16.3,84.0,83.5,83.5,85.5,82.5,79.5,85.5,44,46,55,49,46.0,42,48,206.0,161.0,162.5,120.5,184.5,156.0,98.0
2015,Ha_Noi,92.33333333,114.3333333,99.66666667,85.66666667,56.0,79.0,52.66666667,108.6666667,278.6666667,120.3333333,282.6666667,290.0,89.0,159.3333333,60.0,109.0,48.0,99.0,119.0,40.0,84.0,12,20,16,14,15,7,16,30.13333333,30.5,29.93333333,29.66666667,28.23333333,26.7,24.33333333,35.4,35.5,34.13333333,34.03333333,32.16666667,31.16666667,27.93333333,26.76666667,26.96666667,26.86666667,26.93333333,25.83333333,23.73333333,22.2,40.5,40.0,40.8,38.7,36.7,35.0,35.5,22.5,23.9,23.1,23.3,22.8,18.6,14.9,79.0,77.0,75.66666667,79.33333333,84.66666667,76.0,82.33333333,37,39,36,41,53.0,44,39,223.3333333,200.0,139.3333333,184.3333333,119.0,159.6666667,93.33333333
2015,Hai_Duong,91.0,122.0,116.0,85.0,69.0,97.0,82.0,136.0,436.0,174.0,407.0,422.0,51.0,248.0,41.0,161.0,43.0,96.0,165.0,23.0,93.0,10,17,16,13,17,6,13,29.49516129,29.74666667,29.30967742,29.21612903,27.68333334,26.00161291,23.83333334,33.8,34.5,33.4,33.3,31.5,30.7,27.4,26.9,26.8,27.0,27.0,25.7,23.4,21.8,38.3,38.7,38.8,37.0,35.5,33.9,33.5,23.1,22.6,24.0,23.7,22.0,18.6,13.8,83.0,82.0,80.0,82.0,89.0,79.0,86.0,51,49,48,50,58.0,47,53,222.0,218.0,153.0,192.0,121.0,171.0,102.0
2015,Hung_Yen,108.0,123.0,108.0,100.0,61.0,93.0,63.0,171.0,162.0,160.0,211.0,367.0,60.0,136.0,72.0,83.0,34.0,94.0,93.0,29.0,33.0,8,10,15,10,17,5,18,30.0,30.5,29.3,29.6,28.0,26.4,24.2,34.9,35.5,33.2,33.6,31.8,30.7,27.8,27.1,27.7,26.8,27.1,25.7,23.9,22.1,39.4,39.5,40.5,37.8,36.2,33.7,34.2,23.9,25.1,23.7,23.3,21.6,19.0,14.7,80.0,77.0,80.0,82.0,87.0,79.0,85.0,45,43,45,41,58.0,47,53,212.0,216.0,139.0,183.0,126.0,150.0,106.0
2015,Nam_Dinh,122.0,134.0,121.0,104.0,63.0,96.0,73.0,88.0,146.0,114.0,272.0,349.0,81.0,101.0,54.0,85.0,28.0,96.0,87.0,28.0,29.0,8,13,16,10,16,6,14,30.0,30.8,29.5,29.6,28.1,26.3,24.4,34.4,35.2,33.3,33.5,31.6,30.6,28.0,27.1,27.9,27.2,27.1,25.8,23.8,22.2,39.0,39.0,39.3,37.6,35.6,34.0,32.8,23.5,23.9,23.8,24.0,21.5,19.0,15.2,79.0,76.0,77.0,79.0,86.0,79.0,84.0,43,41,42,46,56.0,46,52,235.0,227.0,137.0,192.0,136.0,157.0,107.0
2015,Ninh_Binh,120.0,107.0,97.5,67.0,46.5,75.5,49.0,73.5,102.0,228.5,234.0,392.0,85.0,185.0,39.0,65.0,77.0,53.0,106.0,45.0,101.0,13,10,18,14,17,6,17,30.1,30.6,29.3,29.15,27.9,26.05,24.3,35.15,35.85,33.55,33.4,31.55,30.5,27.85,26.8,27.15,26.4,26.3,25.0,23.2,22.05,41.5,40.0,41.3,37.6,37.0,33.6,33.8,23.5,24.0,23.8,24.0,21.7,18.3,15.4,79.5,77.0,79.0,83.5,87.5,81.5,85.5,35,41,34,45,52.0,46,53,237.5,228.0,127.5,201.0,130.0,153.0,99.0
2015,Thai_Binh,82.0,103.0,120.0,83.0,50.0,78.0,55.0,19.0,304.0,157.0,291.0,442.0,75.0,280.0,6.0,182.0,48.0,111.0,142.0,26.0,124.0,9,12,10,10,16,7,15,29.2,30.3,29.3,29.2,27.7,25.5,24.1,32.5,33.8,32.5,32.6,30.8,29.9,27.3,26.7,27.6,27.0,26.7,25.4,22.7,22.0,36.5,37.5,38.7,36.0,34.7,33.7,31.4,23.0,23.4,23.9,24.0,21.8,18.9,14.5,85.0,81.0,79.0,84.0,90.0,83.0,86.0,74,42,43,53,55.0,43,48,228.0,245.0,139.0,209.0,142.0,148.0,96.0
2015,Ha_Nam,80.5,95.5,89.0,75.0,54.0,85.5,60.0,134.0,134.5,95.0,250.0,351.0,128.5,290.5,114.0,107.0,23.0,116.0,110.0,175.0,116.0,12,17,17,15,19,17,16,29.65,30.6,29.3,29.45,28.15,26.35,24.5,33.1,34.2,32.9,32.65,31.15,29.95,27.5,27.2,28.0,27.2,27.15,25.95,23.8,22.45,40.1,39.6,40.0,38.3,37.0,33.7,34.5,23.0,23.8,23.9,23.9,21.9,18.5,15.2,83.0,80.5,80.0,84.0,88.5,80.5,85.5,41,42,41,47,57.0,47,51,227.0,232.5,133.0,207.0,134.5,159.0,96.5
2016,Ha_Noi,86.33333333,124.3333333,85.66666667,69.66666667,82.0,100.0,76.66666667,278.6666667,85.33333333,287.6666667,596.6666667,153.0,44.66666667,18.66666667,338.0,40.0,160.0,172.0,67.0,19.0,17.0,12,12,18,21,12,9,6,28.43333333,31.1,30.16666667,29.2,28.9,27.63333333,22.83333333,32.6,35.96666667,34.46666667,33.63333333,32.96666667,31.83333333,26.86666667,25.76666667,27.8,27.03333333,26.36666667,26.26666667,24.86666667,20.3,36.9,40.4,39.2,37.5,36.3,36.6,32.2,22.0,24.6,23.2,23.4,23.5,19.5,13.4,80.0,73.66666667,79.0,81.0,78.66666667,74.66666667,76.66666667,32,34,44,48,38.0,38,39,144.3333333,219.6666667,172.3333333,149.0,130.3333333,157.0,116.6666667
2016,Hai_Duong,82.0,158.0,120.0,88.0,96.0,143.8,107.0,240.0,92.0,260.0,672.0,124.0,61.0,9.0,167.0,23.0,111.0,159.0,30.0,38.0,5.0,8,15,12,18,11,8,5,28.06451613,30.345,29.95806452,28.86290323,28.60666667,27.28064516,22.495,31.2,34.8,33.8,33.1,32.6,31.5,26.9,26.0,27.6,27.6,26.7,26.4,24.5,19.8,35.1,38.7,37.2,36.6,35.7,34.2,32.5,22.9,24.2,23.1,24.0,24.3,19.8,13.3,81.0,79.0,82.0,86.0,84.0,81.0,80.0,40,44,54,56,53.0,47,43,142.0,224.0,176.0,150.0,146.0,184.0,117.0
2016,Hung_Yen,78.0,115.0,100.0,74.0,79.0,100.6,78.0,279.0,94.0,284.0,451.0,294.0,53.0,9.0,118.0,36.0,157.0,101.0,176.0,22.0,6.0,9,10,12,18,11,11,4,28.3,30.7,30.1,29.1,28.6,27.3,22.7,32.0,35.4,34.1,32.5,32.3,31.1,26.9,25.9,27.9,27.4,26.8,26.2,24.8,20.3,36.5,38.4,37.8,36.6,36.0,34.1,32.7,22.4,25.3,23.1,24.0,24.1,20.0,13.8,83.0,76.0,79.0,85.0,80.0,79.0,78.0,42,40,42,50,45.0,43,40,142.0,220.0,181.0,137.0,134.0,163.0,120.0
2016,Nam_Dinh,94.0,123.0,103.0,84.0,89.0,92.6,80.0,117.0,92.0,297.0,446.0,221.0,78.0,8.0,53.0,30.0,162.0,97.0,91.0,34.0,5.0,12,12,11,13,12,14,5,28.4,30.7,30.3,29.2,28.5,27.1,22.8,32.1,35.2,34.3,33.1,32.2,31.1,26.9,26.1,27.9,27.4,26.2,25.9,24.4,20.2,36.2,38.0,38.0,37.0,36.5,33.7,31.7,22.5,25.6,22.2,23.9,23.0,20.0,14.1,82.0,77.0,79.0,84.0,82.0,80.0,79.0,43,43,48,51,49.0,49,41,155.0,221.0,176.0,132.0,118.0,147.0,98.0
2016,Ninh_Binh,66.5,103.5,96.5,73.0,63.0,73.05,67.0,150.0,110.0,386.0,378.0,195.0,63.0,15.5,50.0,39.0,207.0,153.0,53.0,43.0,10.0,14,12,14,18,16,12,6,27.9,30.3,29.9,29.05,28.1,26.85,22.6,32.0,35.15,34.0,33.0,32.0,30.9,26.55,25.25,27.15,26.7,26.1,25.55,24.35,20.0,36.5,38.5,38.2,36.9,36.7,33.6,31.9,21.5,24.9,22.3,24.0,23.4,20.0,13.8,85.0,79.0,81.0,85.0,85.0,82.5,81.5,38,47,42,51,50.0,49,41,161.0,229.5,191.5,146.5,116.0,144.5,107.0
2016,Thai_Binh,71.0,106.0,107.0,67.0,71.0,98.0,84.9,41.0,146.0,447.0,396.0,267.0,134.0,10.0,21.0,33.0,199.0,74.0,77.0,51.0,3.0,6,10,10,18,11,11,10,27.8,30.0,29.9,28.7,28.0,26.5,22.4,30.7,34.0,33.2,32.2,31.8,30.6,26.5,25.7,27.1,27.3,26.0,25.5,23.8,19.7,35.0,37.3,36.7,36.0,35.8,33.1,30.6,21.5,24.0,23.0,23.5,23.1,20.0,13.7,86.0,81.0,82.0,86.0,85.0,82.0,81.0,50,47,50,56,53.0,48,43,181.0,233.0,195.0,149.0,137.0,168.0,114.0
2016,Ha_Nam,64.0,83.0,81.5,63.5,74.0,92.1,70.6,199.5,121.5,295.0,406.0,223.5,92.5,27.0,114.0,48.0,145.0,118.0,81.0,39.0,17.0,16,11,14,20,15,11,5,28.1,30.45,30.2,29.15,28.4,27.1,22.7,30.9,33.85,33.2,32.3,31.65,30.45,26.0,25.95,27.95,27.65,26.4,26.05,24.65,20.4,35.6,38.8,37.9,36.8,36.8,33.7,30.9,22.2,25.0,23.0,24.3,23.2,19.6,14.3,85.0,81.5,81.5,84.5,83.5,81.0,81.0,40,43,47,55,46.0,48,38,177.0,234.0,177.5,147.5,124.0,157.0,111.5
2017,Ha_Noi,96.0,109.0,76.66666667,76.0,67.0,75.33333333,87.0,90.66666667,251.3333333,425.3333333,346.6666667,284.6666667,241.6666667,10.0,42.0,97.0,163.0,90.0,267.0,77.0,5.0,16,18,23,20,17,18,7,27.7,30.23333333,29.0,29.06666667,28.93333333,25.6,22.36666667,31.96666667,34.73333333,32.73333333,33.06666667,32.9,29.16666667,26.06666667,24.83333333,27.2,26.56666667,26.53333333,26.4,23.33333333,19.93333333,35.5,42.5,38.9,37.6,36.7,34.0,33.6,20.8,23.5,24.7,23.6,24.1,18.0,13.6,79.0,77.66666667,83.0,82.66666667,84.0,80.33333333,75.0,35,33,49,47,50.0,37,29,156.6666667,131.3333333,120.0,122.0,121.3333333,93.66666667,81.33333333
2017,Hai_Duong,113.0,120.0,95.0,88.0,70.0,89.0,89.0,131.0,242.0,262.0,394.0,454.0,211.0,8.0,58.0,53.0,34.0,72.0,158.0,74.0,4.0,11,15,23,15,15,13,8,27.21774194,29.66166667,28.69032258,28.77741936,28.61666667,25.18709678,21.63,31.0,33.6,32.5,32.5,32.6,28.8,25.3,24.6,27.0,26.4,26.7,26.2,22.9,19.1,34.0,40.2,37.3,36.2,34.7,32.6,31.5,20.5,24.0,24.8,23.8,23.5,18.1,12.7,82.0,83.0,86.0,87.0,87.0,82.0,79.0,38,42,58,57,61.0,45,44,175.0,137.0,114.0,132.0,147.0,138.0,65.0
2017,Hung_Yen,85.0,98.0,68.0,72.0,62.0,73.0,85.0,45.0,156.0,341.0,312.0,237.0,471.0,20.0,24.0,51.0,148.0,53.0,65.0,121.0,5.0,11,15,20,16,19,16,9,27.4,30.1,29.0,29.2,28.7,25.2,21.8,31.3,34.3,32.2,32.8,32.4,28.5,25.2,25.0,27.2,26.7,26.8,26.3,23.1,19.6,34.6,40.5,37.8,36.5,35.0,32.0,32.4,21.6,25.0,24.3,24.0,24.0,18.2,13.4,82.0,83.0,86.0,84.0,87.0,83.0,79.0,43,45,60,50,57.0,44,42,161.0,139.0,110.0,122.0,135.0,108.0,64.0
2017,Nam_Dinh,93.0,111.0,82.0,77.0,71.0,71.0,71.0,78.0,251.0,393.0,376.0,389.0,502.0,23.0,33.0,73.0,106.0,58.0,98.0,197.0,11.0,10,15,18,16,17,18,9,27.1,29.8,28.9,29.1,28.7,25.1,21.8,31.2,34.2,32.6,32.9,32.8,28.7,25.2,24.6,26.9,26.2,26.5,25.9,22.7,19.2,34.5,40.2,38.0,37.0,35.2,32.5,32.0,21.4,24.2,22.9,23.0,24.1,18.1,13.0,82.0,80.0,84.0,85.0,87.0,83.0,78.0,37,41,56,49,58.0,42,42,152.0,141.0,100.0,114.0,147.0,85.0,68.0
2017,Ninh_Binh,79.5,105.5,66.0,71.0,55.5,64.5,82.0,55.5,148.0,232.5,193.5,255.5,389.0,24.0,23.0,119.0,39.0,66.0,76.0,160.0,22.0,13,15,21,18,17,19,11,27.1,29.85,28.7,29.05,28.65,25.0,22.1,31.25,34.15,32.3,32.95,32.8,28.4,25.45,24.55,26.85,26.1,26.55,26.2,22.9,19.6,35.5,40.8,38.0,37.0,35.6,33.2,34.2,20.8,23.8,24.0,24.5,24.1,17.3,14.0,82.5,81.0,86.0,85.0,88.0,85.0,78.0,34,37,50,50,57.0,44,38,164.0,149.0,105.5,122.5,142.0,94.0,64.5
2017,Thai_Binh,74.0,110.0,83.0,66.0,42.0,69.0,85.0,85.0,238.0,266.0,318.0,262.0,359.0,46.0,51.0,70.0,46.0,87.0,50.0,93.0,34.0,8,15,19,16,16,16,12,26.7,29.5,29.0,28.9,28.6,25.1,21.5,30.2,33.2,32.1,32.1,32.2,28.8,25.0,24.1,26.4,26.4,26.3,25.8,22.5,19.2,32.6,39.0,37.3,35.9,34.5,32.4,30.9,20.9,24.0,24.4,23.8,24.1,18.0,12.5,87.0,83.0,85.0,87.0,89.0,84.0,80.0,44,43,51,55,60.0,44,34,177.0,159.0,119.0,133.0,159.0,111.0,63.0
2017,Ha_Nam,71.5,83.0,68.0,65.5,59.0,78.5,76.5,111.0,178.5,364.0,312.5,270.5,522.0,20.0,40.0,120.0,93.0,101.0,130.0,220.0,6.0,14,14,22,17,14,18,13,27.1,29.8,29.0,29.15,29.0,25.35,21.95,30.3,33.2,31.95,32.25,32.3,28.5,25.05,24.75,27.3,26.6,26.85,26.55,23.05,19.7,34.8,41.0,37.6,37.5,35.4,33.0,33.3,21.2,24.1,23.5,24.4,24.1,18.5,13.3,84.5,82.5,85.5,85.5,85.5,82.5,79.0,35,36,53,48,56.0,40,32,161.0,156.5,119.5,128.5,162.5,112.5,66.5
2018,Ha_Noi,102.6666667,107.0,99.0,69.66666667,85.0,86.33333333,71.33333333,220.0,161.6666667,512.6666667,366.0,195.6666667,115.0,39.33333333,109.0,46.0,184.0,191.0,80.0,45.0,24.0,17,17,22,22,12,11,8,29.0,30.16666667,29.7,28.73333333,28.56666667,25.6,23.7,33.83333333,34.63333333,33.76666667,33.06666667,32.5,29.96666667,28.0,25.63333333,27.06666667,27.13333333,26.46666667,25.83333333,23.06666667,21.1,39.4,38.5,40.2,37.2,37.5,34.1,31.8,23.3,23.8,24.4,24.6,23.0,19.4,15.7,79.0,75.66666667,78.0,84.0,78.33333333,76.33333333,78.33333333,39,39,36,47,44.0,34,20,221.3333333,158.0,147.0,128.3333333,145.3333333,149.3333333,127.6666667
2018,Hai_Duong,102.0,112.0,102.0,68.0,84.0,94.0,83.0,334.0,155.0,446.0,490.0,209.0,96.0,44.0,92.0,38.0,101.0,100.0,100.0,50.0,21.0,15,15,21,23,12,10,6,28.63064516,29.855,29.17741935,28.50645162,28.04833334,25.30806451,23.405,32.7,33.9,32.6,32.4,31.7,29.4,27.7,25.9,27.1,27.0,26.1,25.6,22.7,20.5,36.3,37.2,38.8,37.0,35.2,32.8,31.2,22.4,24.3,24.2,23.7,23.1,19.8,15.0,85.0,82.0,87.0,91.0,88.0,85.0,86.0,55,52,50,59,57.0,40,34,228.0,171.0,149.0,142.0,172.0,172.0,156.0
2018,Hung_Yen,92.0,111.0,90.0,66.0,85.0,84.0,70.0,236.0,75.0,575.0,430.0,114.0,128.0,56.0,105.0,23.0,146.0,85.0,35.0,81.0,17.0,15,12,22,19,11,10,8,28.7,30.2,29.2,28.5,28.2,25.5,23.6,33.2,34.3,33.1,32.6,32.0,29.6,27.8,26.0,27.3,26.9,26.3,25.9,23.1,21.2,36.8,38.0,40.0,36.5,36.0,33.5,31.0,22.6,23.8,24.6,24.6,23.3,19.3,15.4,80.0,77.0,83.0,87.0,83.0,82.0,84.0,46,21,46,61,52.0,42,36,240.0,177.0,136.0,122.0,161.0,153.0,147.0
2018,Nam_Dinh,98.0,128.0,99.0,58.0,71.0,73.0,59.0,165.0,87.0,510.0,376.0,188.0,226.0,6.0,47.0,57.0,74.0,53.0,76.0,72.0,4.0,12,7,21,21,9,9,2,28.8,30.4,29.3,28.4,28.1,25.5,23.6,33.2,34.6,33.2,32.6,31.9,29.4,27.9,26.0,27.5,26.8,26.0,25.4,22.8,21.2,36.1,37.0,40.0,37.4,35.7,32.7,31.2,23.2,24.1,24.5,24.6,23.0,19.3,15.6,82.0,75.0,82.0,87.0,82.0,82.0,82.0,51,44,41,57,49.0,38,32,244.0,174.0,125.0,98.0,144.0,146.0,136.0
2018,Ninh_Binh,88.0,115.0,95.5,54.0,74.0,77.5,67.0,142.0,77.0,617.0,473.5,220.0,233.5,70.0,50.0,42.0,77.0,109.0,80.0,169.0,75.0,17,10,24,22,12,10,11,28.5,30.2,29.1,28.25,28.15,25.5,23.65,33.15,34.4,33.2,32.55,32.2,29.35,27.95,25.5,27.2,26.5,25.9,25.45,23.05,21.3,37.7,38.1,41.1,37.0,35.8,33.4,31.1,22.5,24.5,23.8,24.1,22.9,19.6,15.7,83.5,77.5,83.0,88.0,83.5,82.5,83.5,47,45,39,25,51.0,35,35,236.5,166.5,129.0,116.0,170.0,144.5,137.5
2018,Thai_Binh,62.0,99.0,75.0,45.0,53.0,63.0,61.0,113.0,57.0,523.0,289.0,237.0,209.0,15.0,29.0,22.0,85.0,45.0,64.0,106.0,10.0,9,9,23,19,10,10,5,28.2,29.7,28.8,28.2,27.7,25.0,23.4,31.7,33.6,32.4,32.1,31.1,29.0,27.6,25.6,27.1,26.3,26.0,24.9,22.4,20.8,35.5,36.5,38.4,36.4,34.4,31.8,30.6,22.7,24.5,24.5,24.5,22.2,19.9,15.6,83.0,78.0,83.0,87.0,86.0,83.0,83.0,48,48,44,50,53.0,36,30,259.0,172.0,138.0,116.0,174.0,155.0,151.0
2018,Ha_Nam,64.5,91.5,69.0,48.5,75.0,77.0,60.0,221.0,33.0,766.0,517.5,177.5,243.0,56.0,115.0,15.0,102.0,92.0,68.0,148.0,51.0,18,11,23,22,10,12,10,28.5,30.1,28.9,28.45,28.3,25.6,23.85,31.95,33.55,32.0,32.05,31.4,28.8,27.25,26.1,27.55,26.4,25.95,25.7,23.0,21.45,36.7,38.5,40.5,34.7,36.1,32.7,30.7,22.4,24.3,24.0,23.2,22.6,19.3,15.5,85.0,79.0,85.5,88.0,82.5,82.0,82.5,47,42,39,57,49.0,35,29,248.5,167.0,136.5,128.5,172.0,149.5,151.0
2019,Ha_Noi,73.33333333,102.6666667,103.3333333,76.0,104.0,81.66666667,73.0,86.66666667,147.3333333,151.3333333,491.6666667,124.0,95.33333333,47.0,40.0,60.0,90.0,161.0,71.0,48.0,22.0,19,12,14,20,11,15,8,27.73333333,31.03333333,30.76666667,29.5,28.43333333,26.13333333,22.86666667,31.43333333,35.86666667,35.26666667,34.0,33.63333333,30.6,27.0,25.3,27.96666667,27.86666667,26.76666667,25.6,23.4,20.16666667,41.3,40.4,39.0,39.7,37.1,35.1,30.9,20.5,22.5,24.0,24.2,22.2,17.6,16.3,81.66666667,75.66666667,75.66666667,80.66666667,73.66666667,78.33333333,76.66666667,40,40,43,45,31.0,30,35,101.6666667,163.0,160.3333333,150.3333333,200.0,138.6666667,134.3333333
2019,Hai_Duong,81.0,126.0,119.0,70.0,107.0,103.0,97.0,84.0,293.0,51.0,385.0,67.0,59.0,35.0,49.0,118.0,16.0,128.0,25.0,24.0,13.0,13,9,12,19,7,11,7,27.7,30.9,30.7,29.3,28.5,26.1,22.7,30.6,35.0,34.6,33.5,33.0,30.4,27.2,25.4,28.0,27.6,26.5,25.4,23.4,19.6,39.1,38.9,38.1,38.2,36.6,33.9,31.3,21.5,22.8,24.0,24.5,22.2,17.6,17.2,86.0,81.0,82.0,86.0,80.0,83.0,80.0,49,49,51,60,41.0,39,38,119.0,179.0,160.0,172.0,223.0,141.0,146.0
2019,Hung_Yen,64.0,113.0,111.0,71.0,106.0,77.0,71.0,154.0,92.0,63.0,542.0,153.0,198.0,56.0,52.0,65.0,14.0,199.0,77.0,56.0,25.0,17,11,13,21,8,14,6,27.9,31.4,30.8,29.1,28.7,25.9,22.6,31.3,35.9,35.1,33.1,33.1,30.0,26.4,25.7,28.4,28.0,26.8,25.9,23.5,20.2,40.7,40.2,39.0,37.6,36.0,35.1,30.0,21.5,23.4,25.5,23.6,23.0,18.1,17.6,84.0,87.0,78.0,86.0,77.0,82.0,82.0,42,44,45,58,34.0,38,42,117.0,184.0,168.0,147.0,195.0,141.0,129.0
2019,Nam_Dinh,75.0,125.0,136.0,76.0,101.0,72.0,86.0,159.0,101.0,72.0,384.0,143.0,151.0,43.0,44.0,33.0,17.0,140.0,44.0,45.0,23.0,15,8,13,18,9,15,6,27.7,31.3,30.8,28.9,28.4,25.8,22.7,31.3,35.8,35.0,32.9,33.1,30.0,26.9,25.4,28.2,28.0,26.7,25.5,23.1,19.9,40.0,39.0,38.7,37.7,35.7,33.6,30.4,21.0,23.0,24.5,23.6,23.0,17.6,17.0,85.0,77.0,76.0,85.0,78.0,84.0,81.0,41,45,47,53,38.0,40,40,127.0,111.0,166.0,145.0,194.0,176.0,130.0
2019,Ninh_Binh,77.5,129.0,118.5,71.0,97.5,68.5,64.5,346.5,51.5,139.0,482.0,155.0,375.5,58.0,94.0,17.0,54.0,157.0,132.0,216.0,25.0,17,10,13,19,9,19,6,27.65,31.35,30.65,29.0,28.3,25.65,22.6,31.4,36.2,35.4,33.1,32.9,29.7,26.6,25.1,28.15,27.55,26.35,25.35,23.2,20.1,41.3,40.8,39.3,38.0,36.1,33.7,29.6,21.1,23.3,24.5,23.3,21.5,17.2,16.5,86.5,76.0,77.0,85.0,78.5,84.5,82.5,38,34,41,48,35.0,35,41,123.0,198.5,165.5,140.0,193.0,147.5,127.5
2019,Thai_Binh,65.0,125.0,122.0,68.0,94.0,79.0,81.0,173.0,78.0,99.0,267.0,114.0,107.0,22.0,59.0,34.0,37.0,60.0,49.0,51.0,16.0,16,7,14,17,10,13,4,27.3,30.9,30.6,29.0,28.1,25.7,22.5,30.3,34.5,34.2,32.7,32.4,29.8,26.9,25.1,28.0,27.7,26.4,25.1,22.9,19.6,37.0,38.2,37.4,36.5,34.7,32.6,29.6,21.6,23.2,24.6,24.7,22.2,17.7,17.0,89.0,79.0,80.0,86.0,81.0,84.0,82.0,54,44,48,53,37.0,31,39,130.0,193.0,182.0,145.0,208.0,140.0,130.0
2019,Ha_Nam,58.5,93.0,85.0,75.0,93.5,73.5,70.5,246.5,108.0,125.0,423.5,224.0,217.5,65.5,111.0,84.0,32.0,211.0,130.0,58.0,35.0,21,9,12,20,9,16,10,27.5,31.05,30.75,29.25,28.55,26.0,22.85,30.45,34.5,33.7,32.7,32.35,29.6,26.35,25.45,28.55,27.5,26.85,25.85,23.5,20.3,41.1,39.7,38.7,37.7,35.6,34.0,30.0,21.1,23.3,23.2,23.2,23.4,18.0,17.0,88.0,80.0,78.5,83.5,79.0,83.0,81.5,39,44,47,52,39.0,38,42,132.0,195.0,181.5,160.0,212.0,153.0,137.0
2020,Ha_Noi,83.66666667,117.0,105.3333333,49.0,71.0,71.33333333,67.33333333,146.0,128.3333333,83.0,459.6666667,216.3333333,221.6666667,44.0,53.0,58.0,48.0,104.0,116.0,79.0,33.0,13,11,9,28,20,14,4,29.66666667,31.66666667,31.33333333,29.0,28.66666667,24.33333333,23.0,33.93333333,36.86666667,35.76666667,33.06666667,33.1,28.0,27.03333333,26.2,28.0,27.96666667,26.46666667,26.2,22.26666667,20.33333333,40.9,40.2,38.9,37.8,37.0,33.3,30.6,22.2,24.3,25.2,24.0,23.0,17.5,16.0,78.0,71.66666667,73.66666667,84.33333333,83.0,77.0,78.66666667,39,37,33,47,40.0,25,25,184.3333333,233.3333333,208.6666667,135.3333333,124.3333333,100.6666667,119.3333333
2020,Hai_Duong,108.0,173.0,153.0,84.0,83.0,99.0,103.0,28.0,86.0,42.0,301.0,102.0,236.0,40.0,6.0,35.0,30.0,60.0,19.0,86.0,30.0,9,6,9,18,17,15,6,29.0,31.0,31.0,29.0,29.0,24.0,23.0,33.2,36.0,35.1,32.2,32.6,27.6,26.9,26.2,28.3,28.2,26.3,26.4,21.8,20.2,39.4,39.2,38.4,36.9,37.2,32.1,29.7,23.4,25.2,26.1,24.2,23.2,17.2,15.0,82.0,81.0,82.0,87.0,88.0,84.0,83.0,48,49,47,58,58.0,33,33,176.0,254.0,229.0,144.0,145.0,127.0,135.0
2020,Hung_Yen,90.0,144.0,123.0,60.0,66.0,75.0,69.0,60.0,70.0,25.0,366.0,150.0,289.0,61.0,22.0,21.0,13.0,102.0,28.0,102.0,46.0,10,8,8,16,14,16,5,29.0,32.0,31.0,29.0,29.0,24.0,23.0,33.6,36.6,35.6,32.5,32.7,27.2,26.9,26.5,28.4,28.3,26.6,26.6,22.3,20.5,40.5,39.0,38.5,37.0,36.5,32.2,29.8,23.3,24.4,25.7,24.4,23.2,18.2,15.4,81.0,73.0,77.0,86.0,84.0,81.0,80.0,47,43,44,56,55.0,37,37,178.0,248.0,204.0,144.0,132.0,103.0,127.0
2020,Nam_Dinh,93.0,146.0,119.0,70.0,75.0,84.0,77.0,68.0,44.0,92.0,408.0,262.0,404.0,72.0,51.0,35.0,42.0,101.0,69.0,116.0,57.0,5,4,8,20,13,17,5,29.0,32.0,31.0,29.0,29.0,24.0,23.0,33.5,36.4,35.2,32.6,32.8,27.5,27.1,26.6,28.5,28.2,26.3,26.5,21.8,20.3,40.0,38.5,38.5,37.5,36.6,32.0,30.0,23.2,24.0,25.0,23.2,22.5,18.5,15.6,80.0,72.0,77.0,86.0,84.0,80.0,78.0,45,41,45,55,55.0,36,36,183.0,258.0,244.0,149.0,133.0,92.0,124.0
2020,Ninh_Binh,89.5,138.0,97.5,56.5,57.0,86.0,76.0,58.5,140.5,120.0,366.0,230.0,308.0,69.5,25.0,120.0,63.0,87.0,89.0,128.0,76.0,10,6,10,24,17,18,6,29.0,31.5,31.0,29.0,29.0,24.0,23.0,33.8,36.8,35.55,32.75,32.7,27.25,26.85,26.2,27.9,27.65,26.2,26.15,22.2,20.7,40.6,40.2,38.6,37.2,36.5,32.1,29.8,22.0,24.0,25.1,24.0,22.4,15.5,15.3,79.5,70.5,77.0,85.5,84.5,79.0,77.5,36,34,40,40,50.0,32,30,195.5,240.5,234.5,143.5,138.5,86.0,120.5
2020,Thai_Binh,83.0,158.0,130.0,62.0,58.0,100.0,70.0,26.0,96.0,55.0,497.0,140.0,376.0,80.0,19.0,44.0,28.0,121.0,37.0,179.0,74.0,6,4,6,18,17,17,3,29.0,31.0,31.0,28.0,28.0,24.0,23.0,32.1,34.4,34.0,31.7,31.8,27.3,26.5,25.6,28.1,28.0,25.9,25.9,21.6,20.0,37.7,37.4,37.3,35.5,35.2,31.4,29.0,23.0,23.8,24.8,23.0,23.0,18.3,16.0,84.0,78.0,80.0,89.0,89.0,82.0,82.0,56,47,51,62,56.0,32,37,211.0,260.0,261.0,158.0,135.0,89.0,107.0
2020,Ha_Nam,75.0,127.0,93.5,59.5,58.5,79.5,69.5,55.5,46.5,93.0,407.5,202.0,357.0,94.5,46.0,35.0,44.0,122.0,83.0,134.0,108.0,12,9,12,20,13,18,6,29.0,30.5,31.0,29.0,29.0,24.0,23.0,32.3,34.05,34.15,32.1,31.9,27.3,26.4,26.75,28.45,28.55,26.75,26.65,22.15,20.85,39.3,39.2,38.5,36.7,36.7,32.4,29.9,23.2,25.2,25.8,22.9,22.8,18.2,16.3,83.0,82.0,79.0,85.5,85.0,79.5,79.5,42,49,44,53,55.0,31,34,202.0,257.0,245.0,167.0,139.5,90.5,116.5
